CREATE DATABASE  IF NOT EXISTS `sls_raw` /*!40100 DEFAULT CHARACTER SET latin1 */;
USE `sls_raw`;
-- MySQL dump 10.13  Distrib 5.7.17, for Win64 (x86_64)
--
-- Host: localhost    Database: sls_raw
-- ------------------------------------------------------
-- Server version	5.7.22-log

/*!40101 SET @OLD_CHARACTER_SET_CLIENT=@@CHARACTER_SET_CLIENT */;
/*!40101 SET @OLD_CHARACTER_SET_RESULTS=@@CHARACTER_SET_RESULTS */;
/*!40101 SET @OLD_COLLATION_CONNECTION=@@COLLATION_CONNECTION */;
/*!40101 SET NAMES utf8 */;
/*!40103 SET @OLD_TIME_ZONE=@@TIME_ZONE */;
/*!40103 SET TIME_ZONE='+00:00' */;
/*!40014 SET @OLD_UNIQUE_CHECKS=@@UNIQUE_CHECKS, UNIQUE_CHECKS=0 */;
/*!40014 SET @OLD_FOREIGN_KEY_CHECKS=@@FOREIGN_KEY_CHECKS, FOREIGN_KEY_CHECKS=0 */;
/*!40101 SET @OLD_SQL_MODE=@@SQL_MODE, SQL_MODE='NO_AUTO_VALUE_ON_ZERO' */;
/*!40111 SET @OLD_SQL_NOTES=@@SQL_NOTES, SQL_NOTES=0 */;

--
-- Table structure for table `customer`
--

DROP TABLE IF EXISTS `customer`;
/*!40101 SET @saved_cs_client     = @@character_set_client */;
/*!40101 SET character_set_client = utf8 */;
CREATE TABLE `customer` (
  `customer_id` int(11) NOT NULL AUTO_INCREMENT,
  `name` tinytext,
  `first_name` tinytext,
  `last_name` tinytext,
  `address` tinytext,
  `city` tinytext,
  `country` tinytext,
  `last_updated` date DEFAULT NULL,
  PRIMARY KEY (`customer_id`)
) ENGINE=InnoDB AUTO_INCREMENT=26 DEFAULT CHARSET=latin1;
/*!40101 SET character_set_client = @saved_cs_client */;

--
-- Dumping data for table `customer`
--

LOCK TABLES `customer` WRITE;
/*!40000 ALTER TABLE `customer` DISABLE KEYS */;
INSERT INTO `customer` VALUES (1,'Angus Dayton','Angus','Dayton','11A William Estate','York','UK','2017-03-05'),(2,'Clair Lennox','Clair','Lennox','Appt 3526 Baltic Bvld','Denver','USA','2017-10-12'),(3,'David Sloan','David','Sloan','7 Worcester Road','Birmingham','UK','2017-02-12'),(4,'Diego Sanchez','Diego','Sanchez','417 Roydon Court','Boulder','USA','2017-07-23'),(5,'Gordon MacDonald','Gordon','MacDonald','23 Logmoor Road','Inverness','UK','2017-07-06'),(6,'Henry Cooper','Henry','Cooper','2341 Sunrise Hills','San Jose','USA','2017-11-28'),(7,'Hugo Sinclair','Hugo','Sinclair','678 Clifton Park','New York','USA','2017-08-05'),(8,'James Cliff','James','Cliff','1865 Central Park Ave','New York','USA','2017-08-05'),(9,'Jane Spicer','Jane','Spicer','4538 Preston Ave','Columbus','USA','2017-02-03'),(10,'Jason Brahms','Jason','Brahams','4326 Orange County Hills','New York','USA','2017-08-05'),(11,'John Bush','John','Bush','1 Kensington High Street','London','UK','2017-02-01'),(12,'Julie Price','Julie','Price','67 Orchard Road','Atlanta','USA','2017-02-02'),(13,'Lindsay Cross','Lindsay','Cross','65B Morton Drive','London','UK','2017-02-09'),(14,'Martin Laubbaum','Martin','Laubbaum','41 Cherry Blossom Blvd','Columbus','USA','2017-02-02'),(15,'Mary Barnett','Mary','Barnett','1B Oxford Road','London','UK','2017-02-04'),(16,'Paul Cliffton','Paul','Cliffton','23 Grand Drive','Brighton','UK','2017-03-02'),(17,'Paul Summers','Paul','Summers','231 Roundhouse Sq','Denver','USA','2017-10-15'),(18,'Peter Longham','Peter','Longham','Flat 2, Winter Mansion, Blue Drive','London','UK','2017-02-04'),(19,'Richard Green','Richard','Green ','1986 Spring Creek','Atlanta','USA','2017-08-11'),(20,'Sam Barber','Sam','Barber','22 Yorkshire Drive','York','UK','2017-05-07'),(21,'Susan North','Susan','North','45 Long Avenue','Bristol','UK','2017-02-08'),(22,'Susi Redcliff','Susi','Redcliff','Flat 3, 32 Blueberry Road','Cardiff','UK','2017-02-02'),(23,'Tahir Hussain','Tahir','Hussain','56 Ridgeway Close','Manchester','UK','2017-04-10'),(24,'Tony Hiller','Tony','Hiller','45 Cumberland Road','London','UK','2017-03-06'),(25,'Tony Simmers','Tony','Simmers','34 Summer Avenue','Bristol','UK','2017-02-03');
/*!40000 ALTER TABLE `customer` ENABLE KEYS */;
UNLOCK TABLES;

--
-- Table structure for table `lens`
--

DROP TABLE IF EXISTS `lens`;
/*!40101 SET @saved_cs_client     = @@character_set_client */;
/*!40101 SET character_set_client = utf8 */;
CREATE TABLE `lens` (
  `lens_id` int(11) NOT NULL AUTO_INCREMENT,
  `name` tinytext,
  `lens_category_id` int(11) NOT NULL,
  `Category` tinytext,
  `FMin` double DEFAULT NULL,
  `FMax` tinytext,
  `AMax` double DEFAULT NULL,
  `AMin` tinytext,
  `FocusMin` tinytext,
  `Filter` tinytext,
  PRIMARY KEY (`lens_id`),
  KEY `fk_lens_category_idx` (`lens_category_id`),
  CONSTRAINT `fk_lens_category` FOREIGN KEY (`lens_category_id`) REFERENCES `lens_category` (`lens_category_id`) ON DELETE NO ACTION ON UPDATE NO ACTION
) ENGINE=InnoDB AUTO_INCREMENT=456 DEFAULT CHARSET=latin1;
/*!40101 SET character_set_client = @saved_cs_client */;

--
-- Dumping data for table `lens`
--

LOCK TABLES `lens` WRITE;
/*!40000 ALTER TABLE `lens` DISABLE KEYS */;
INSERT INTO `lens` VALUES (1,'Makinon 135mm f/2.8',1,NULL,135,NULL,2.8,NULL,NULL,NULL),(2,'Robotar 28mm f/2.8',8,'Wide',28,'28.0',2.8,'2.8',NULL,NULL),(3,'Vega-1 50mm f/2.8',1,NULL,50,NULL,2.8,NULL,NULL,NULL),(4,'Auto Reflecta 55mm f/1.8',1,NULL,55,NULL,1.8,NULL,NULL,NULL),(5,'Maginon 70-210mm f/4.5-5.6',1,NULL,70,'210.0',4.5,'5.6',NULL,NULL),(6,'Accura Diamatic 135mm f/2.8',1,NULL,135,NULL,2.8,NULL,NULL,NULL),(7,'KMZ or BeLOMO MIR-1 37mm f/2.8-16.0',8,'Wide',37,'37.0',2.8,'16.0','70.0','49.0'),(8,'Albinar',1,NULL,NULL,NULL,NULL,NULL,NULL,NULL),(9,'Albinar Super 85-205mm f/3.8',9,'Zoom',85,'205.0',3.8,'3.8',NULL,NULL),(10,'Albinar MC TeLe 135mm f/2.8',4,'Medium Telephoto',135,'135.0',2.8,'2.8',NULL,NULL),(11,'Asahi Optical Co. Super-Multi-Coated Takumar 24mm f/3.5-16.0',7,'Ultra-wide',24,'24.0',3.5,'16.0','25.0','58.0'),(12,'Asahi Optical Co. Super-Multi-Coated Takumar 20mm f/4.5-16.0',7,'Ultra-wide',20,'20.0',4.5,'16.0','20.0','77.0'),(13,'Asahi Optical Co. Super-Multi-Coated Takumar 15mm f/3.5-22.0',7,'Ultra-wide',15,'15.0',3.5,'22.0','0.3',NULL),(14,'Asahi Optical Co. Fisheye-Takumar 18mm f/11.0-32.0',7,'Ultra-wide',18,'18.0',11,'32.0','0.26',NULL),(15,'Asahi Optical Co. Super Fisheye 17mm f/4.0-22.0',7,'Ultra-wide',17,'17.0',4,'22.0','20.0',NULL),(16,'Asahi Optical Co. Super-Multi-Coated Takumar 28mm f/3.5-16.0',8,'Wide',28,'28.0',3.5,'16.0','40.0','49.0'),(17,'Asahi Optical Co. Super 35mm f/3.5-16.0',8,'Wide',35,'35.0',3.5,'16.0','45.0','49.0'),(18,'Asahi Optical Co. Super-Multi-Coated 35mm f/3.5-16.0',8,'Wide',35,'35.0',3.5,'16.0','45.0','49.0'),(19,'Asahi Optical Co. Auto-Takumar 35mm f/2.3-22.0',8,'Wide',35,'35.0',2.3,'22.0','45.0','62.0'),(20,'Asahi Optical Co. Auto-Takumar 35mm f/3.5-22.0',8,'Wide',35,'35.0',3.5,'22.0','45.0','46.0'),(21,'Asahi Optical Co. Super-Takumar 24mm f/3.5-16.0',7,'Ultra-wide',24,'24.0',3.5,'16.0','25.0','58.0'),(22,'Asahi Optical Co. Takumar 35mm f/4.0-22.0',8,'Wide',35,'35.0',4,'22.0','45.0','46.0'),(23,'Asahi Optical Co. Super Takumar 50mm f/1.4-16.0',5,'Normal',50,'50.0',1.4,'16.0','45.0','49.0'),(24,'Asahi Optical Co. Super Takumar 50mm f/1.4-16.0',5,'Normal',50,'50.0',1.4,'16.0','45.0','49.0'),(25,'Asahi Optical Co. Super-Multi-Coated 50mm f/1.4-16.0',5,'Normal',50,'50.0',1.4,'16.0','45.0','49.0'),(26,'Asahi Optical Co. Takumar 50mm f/3.5-22.0',5,'Normal',50,'50.0',3.5,'22.0','45.0','46.0'),(27,'Asahi Optical Co. Macro Takumar 50mm f/4.0-22.0',3,'Macro',50,'50.0',4,'22.0','20.0','49.0'),(28,'Asahi Optical Co. Super Macro Takumar 50mm f/4.0-22.0',3,'Macro',50,'50.0',4,'22.0','23.4','49.0'),(29,'Asahi Optical Co. Super-Multi-Coated Macro 50mm f/4.0-22.0',3,'Macro',50,'50.0',4,'22.0','23.0','49.0'),(30,'Asahi Optical Co. Auto-Takumar 55mm f/1.8-16.0',5,'Normal',55,'55.0',1.8,'16.0','45.0','49.0'),(31,'Asahi Optical Co. Super 55mm f/1.8-16.0',5,'Normal',55,'55.0',1.8,'16.0','45.0','49.0'),(32,'Asahi Optical Co. Super-Multi-Coated 55mm f/1.8-16.0',5,'Normal',55,'55.0',1.8,'16.0','45.0','49.0'),(33,'Asahi Optical Co. SMC Takumar 55mm f/2.0-16.0',5,'Normal',55,'55.0',2,'16.0','45.0','49.0'),(34,'Asahi Optical Co. Super Takumar 28mm f/3.5-22.0',8,'Wide',28,'28.0',3.5,'22.0','40.0','58.0'),(35,'Asahi Optical Co. Super 35mm f/2.0-16.0',8,'Wide',35,'35.0',2,'16.0','45.0','70.0'),(36,'Asahi Optical Co. Super-Multi-Coated Takumar 35mm f/2.0-16.0',8,'Wide',35,'35.0',2,'16.0','40.0','49.0'),(37,'Asahi Optical Co. Auto-Takumar 55mm f/1.8-22.0',5,'Normal',55,'55.0',1.8,'22.0','55.0','46.0'),(38,'Asahi Optical Co. Takumar 55mm f/1.8-22.0',5,'Normal',55,'55.0',1.8,'22.0','55.0','46.0'),(39,'Asahi Optical Co. Auto-Takumar 55mm f/2.0-22.0',5,'Normal',55,'55.0',2,'22.0','55.0','46.0'),(40,'Asahi Optical Co. Auto-Takumar 55mm f/2.2-22.0',5,'Normal',55,'55.0',2.2,'22.0','55.0','46.0'),(41,'Asahi Optical Co. Takumar 55mm f/2.2-22.0',5,'Normal',55,'55.0',2.2,'22.0','55.0','46.0'),(42,'Asahi Optical Co. Takumar 58mm f/2.0-22.0',5,'Normal',58,'58.0',2,'22.0','60.0','46.0'),(43,'Asahi Optical Co. Takumar 58mm f/2.4-22.0',5,'Normal',58,'58.0',2.4,'22.0','60.0','46.0'),(44,'Asahi Optical Co. Super-Multi-Coated Zoom 70-150mm f/4.5-22.0',9,'Zoom',70,'150.0',4.5,'22.0','350.0','67.0'),(45,'Asahi Optical Co. Super-Zoom 70-150mm f/4.5-22.0',9,'Zoom',70,'150.0',4.5,'22.0','350.0','67.0'),(46,'Asahi Optical Co. Takumar 83mm f/1.9-22.0',6,'Short Telephoto',83,'83.0',1.9,'22.0','110.0','49.0'),(47,'Asahi Optical Co. Auto-Takumar 85mm f/1.8-16.0',6,'Short Telephoto',85,'85.0',1.8,'16.0','85.0','55.0'),(48,'Asahi Optical Co. Super-Multi-Coated 85mm f/1.8-16.0',6,'Short Telephoto',85,'85.0',1.8,'16.0','85.0','58.0'),(49,'Asahi Optical Co. Super-Multi-Coated Takumar 85mm f/1.8-16.0',6,'Short Telephoto',85,'85.0',1.8,'16.0','85.0','58.0'),(50,'Asahi Optical Co. Super-Takumar 85mm f/1.9-16.0',6,'Short Telephoto',85,'85.0',1.9,'16.0',NULL,NULL),(51,'Asahi Optical Co. Macro Takumar 85mm f/3.5-22.0',3,'Macro',85,'85.0',3.5,'22.0',NULL,NULL),(52,'Asahi Optical Co. Super-Multi-Coated Zoom 85-210mm f/4.5-22.0',9,'Zoom',85,'210.0',4.5,'22.0','350.0','58.0'),(53,'Asahi Optical Co. Takumar 100mm f/2.0-22.0',6,'Short Telephoto',100,'100.0',2,'22.0','100.0','58.0'),(54,'Asahi Optical Co. Takumar 100mm f/3.5-22.0',6,'Short Telephoto',100,'100.0',3.5,'22.0','120.0','46.0'),(55,'Asahi Optical Co. Bellows Takumar 100mm f/4.0-22.0',3,'Macro',100,'100.0',4,'22.0',NULL,'49.0'),(56,'Asahi Optical Co. Super-Multi-Coated Bellows-Takumar 100mm f/4.0-22.0',3,'Macro',100,'100.0',4,'22.0',NULL,'49.0'),(57,'Asahi Optical Co. Super-Multi-Coated Macro 100mm f/4.0-22.0',3,'Macro',100,'100.0',4,'22.0','45.0','49.0'),(58,'Asahi Optical Co. Auto-Takumar 105mm f/2.8-22.0',6,'Short Telephoto',105,'105.0',2.8,'22.0','120.0','49.0'),(59,'Asahi Optical Co. Super-Multi-Coated 105mm f/2.8-22.0',6,'Short Telephoto',105,'105.0',2.8,'22.0','120.0','49.0'),(60,'Asahi Optical Co. Super-Takumar 105mm f/2.8-22.0',6,'Short Telephoto',105,'105.0',2.8,'22.0','120.0','49.0'),(61,'Asahi Optical Co. Takumar 105mm f/2.8-22.0',6,'Short Telephoto',105,'105.0',2.8,'22.0','120.0','46.0'),(62,'Asahi Optical Co. Super-Multi-Coated Index 108mm f/2.8',6,'Short Telephoto',108,NULL,2.8,NULL,NULL,NULL),(63,'Asahi Optical Co. Super-Multi-Coated 120mm f/2.8-22.0',6,'Short Telephoto',120,'120.0',2.8,'22.0','120.0','49.0'),(64,'Asahi Optical Co. Super 135mm f/2.5-22.0',4,'Medium Telephoto',135,'135.0',2.5,'22.0','1.5','58.0'),(65,'Asahi Optical Co. Super-Multi-Coated 135mm f/2.5-22.0',4,'Medium Telephoto',135,'135.0',2.5,'22.0','115.0','58.0'),(66,'Asahi Optical Co. Auto-Takumar 135mm f/3.5-22.0',4,'Medium Telephoto',135,'135.0',3.5,'22.0','180.0','49.0'),(67,'Asahi Optical Co. Super-Multi-Coated 135mm f/3.5-22.0',4,'Medium Telephoto',135,'135.0',3.5,'22.0','150.0','49.0'),(68,'Asahi Optical Co. Super-Takumar 135mm f/3.5-22.0',4,'Medium Telephoto',135,'135.0',3.5,'22.0','150.0','49.0'),(69,'Asahi Optical Co. Takumar Model 1 135mm f/3.5-22.0',4,'Medium Telephoto',135,'135.0',3.5,'22.0','200.0','46.0'),(70,'Asahi Optical Co. Super 150mm f/4.0-22.0',4,'Medium Telephoto',150,'150.0',4,'22.0','180.0','49.0'),(71,'Asahi Optical Co. Super-Multi-Coated 150mm f/4.0-22.0',4,'Medium Telephoto',150,'150.0',4,'22.0','180.0','49.0'),(72,'Asahi Optical Co. Takumar 200mm f/3.5-22.0',2,'Long Telephoto',200,'200.0',3.5,'22.0','250.0','67.0'),(73,'Asahi Optical Co. Super 200mm f/4.0-22.0',2,'Long Telephoto',200,'200.0',4,'22.0','250.0','58.0'),(74,'Asahi Optical Co. Super-Multi-Coated 200mm f/4.0-22.0',2,'Long Telephoto',200,'200.0',4,'22.0','250.0','58.0'),(75,'Asahi Optical Co. Tele-Takumar 200mm f/5.6-22.0',2,'Long Telephoto',200,'200.0',5.6,'22.0','250.0','49.0'),(76,'Asahi Optical Co. Super 300mm f/4.0-22.0',2,'Long Telephoto',300,'300.0',4,'22.0','550.0','77.0'),(77,'Asahi Optical Co. Super-Multi-Coated 300mm f/4.0-22.0',2,'Long Telephoto',300,'300.0',4,'22.0','550.0','77.0'),(78,'Asahi Optical Co. Takumar 300mm f/4.0-22.0',2,'Long Telephoto',300,'300.0',4,'22.0','550.0','82.0'),(79,'Asahi Optical Co. Tele-Takumar 300mm f/6.3-22.0',2,'Long Telephoto',300,'300.0',6.3,'22.0','550.0','58.0'),(80,'Asahi Optical Co. Tele-Takumar / Super Multi-Coated Takumar 400mm f/5.6-45.0',2,'Long Telephoto',400,'400.0',5.6,'45.0','800.0','77.0'),(81,'Asahi Optical Co. Takumar 500mm f/5.0-22.0',2,'Long Telephoto',500,'500.0',5,'22.0','1000.0','46.0'),(82,'Asahi Optical Co. Super-Multi-Coated 500mm f/4.5-45.0',2,'Long Telephoto',500,'500.0',4.5,'45.0','1000.0','49.0'),(83,'Asahi Optical Co. Takumar 500mm f/4.5-45.0',2,'Long Telephoto',500,'500.0',4.5,'45.0','1000.0','49.0'),(84,'Asahi Optical Co. Takumar 1000mm f/8.0-22.0',2,'Long Telephoto',1000,'1000.0',8,'22.0','3000.0','49.0'),(85,'Asahi Optical Co. Super Multi-Coated Takumar 1000mm f/8.0-45.0',2,'Long Telephoto',1000,'1000.0',8,'45.0','3000.0','49.0'),(86,'Belarusian Optical and Mechanical Association / BelOMA MS Peleng 3.5/8A 8mm f/3.5-16.0',7,'Ultra-wide',8,'8.0',3.5,'16.0','30.0',NULL),(87,'Belarusian Optical and Mechanical Association / BelOMA MS Peleng 2.8X17 17mm f/2.8-16.0',7,'Ultra-wide',17,'17.0',2.8,'16.0','30.0',NULL),(88,'Beroflex Super wide 12mm f/8.0-16.0',7,'Ultra-wide',12,'12.0',8,'16.0',NULL,NULL),(89,'Beroflex – 28mm f/2.8',8,'Wide',28,'28.0',2.8,'2.8',NULL,NULL),(90,'Beroflex MC Auto-Beroflex 28mm f/2.8-16.0',8,'Wide',28,'28.0',2.8,'16.0','30.0','52.0'),(91,'Beroflex Beroflex Auto 28mm f/2.8-22.0',8,'Wide',28,'28.0',2.8,'22.0','40.0','62.0'),(92,'Beroflex Auto-Beroflex-Ultra 55mm f/1.4-16.0',5,'Normal',55,'55.0',1.4,'16.0','50.0','55.0'),(93,'Beroflex Zoom 75-235mm f/4.5',9,'Zoom',75,'235.0',4.5,'4.5',NULL,NULL),(94,'Beroflex Auto 135mm f/3.5',4,'Medium Telephoto',135,'135.0',3.5,'3.5',NULL,NULL),(95,'Beroflex MC Auto-Beroflex 135mm f/2.8-16.0',6,'Short Telephoto',135,'135.0',2.8,'16.0','150.0','55.0'),(96,'Beroflex Beroflex Auto 200mm f/3.5-22.0',4,'Medium Telephoto',200,'200.0',3.5,'22.0','350.0','62.0'),(97,'Beroflex Beroflex 12?? 200mm f/4.5-22.0',4,'Medium Telephoto',200,'200.0',4.5,'22.0','300.0','52.0'),(98,'Beroflex 500mm f/8.0',1,NULL,500,NULL,8,NULL,NULL,NULL),(99,'Carena Super Carenar 55mm f/1.4-16.0',5,'Normal',55,'55.0',1.4,'16.0','50.0','55.0'),(100,'Carenar Super Carenar 28mm f/2.8-22.0',8,'Wide',28,'28.0',2.8,'22.0',NULL,NULL),(101,'Carl Zeiss Distagon 25mm f/4.0',7,'Ultra-wide',25,'25.0',4,'4.0',NULL,NULL),(102,'Carl Zeiss / Cosina Distagon T* 25/2.8 ZS 25mm f/2.8-22.0',8,'Wide',25,'25.0',2.8,'22.0','17.0','58.0'),(103,'Carl Zeiss / Cosina Distagon T* 35/2.0 ZS 35mm f/2.0-22.0',8,'Wide',35,'35.0',2,'22.0','30.0','58.0'),(104,'Carl Zeiss / Cosina Planar T* 1.4/50 ZS 50mm f/1.4-16.0',5,'Normal',50,'50.0',1.4,'16.0','45.0','58.0'),(105,'Carl Zeiss Jena Flektogon 20mm f/2.8-22.0',7,'Ultra-wide',20,'20.0',2.8,'22.0','19.0','67.0'),(106,'Carl Zeiss Jena Flektogon 20mm f/4.0-22.0',7,'Ultra-wide',20,'20.0',4,'22.0','16.0','77.0'),(107,'Carl Zeiss Jena Flektogon 25mm f/4.0-22.0',7,'Ultra-wide',25,'25.0',4,'22.0','18.0','77.0'),(108,'Carl Zeiss Jena Flektogon 35mm f/2.8-16.0',8,'Wide',35,'35.0',2.8,'16.0','18.0','49.0'),(109,'Carl Zeiss Jena Flektogon 35mm f/2.4-22.0',8,'Wide',35,'35.0',2.4,'22.0','19.0','49.0'),(110,'Carl Zeiss Jena Vario-Pancolar 35-70mm f/2.7-22.0',9,'Zoom',35,'70.0',2.7,'22.0','80.0','58.0'),(111,'Carl Zeiss Jena Tessar 40mm f/4.5-16.0',8,'Wide',40,'40.0',4.5,'16.0','40.0','49.0'),(112,'Carl Zeiss Jena Pancolar 50mm f/1.8-16.0',5,'Normal',50,'50.0',1.8,'16.0',NULL,'49.0'),(113,'Carl Zeiss Jena Pancolar 50mm f/2.0-16.0',5,'Normal',50,'50.0',2,'16.0','50.0','49.0'),(114,'Carl Zeiss Jena Tessar 50mm f/3.5-16.0',5,'Normal',50,'50.0',3.5,'16.0',NULL,'30.0'),(115,'Carl Zeiss Jena Flexon 50mm f/2.0-22.0',5,'Normal',50,'50.0',2,'22.0','50.0','49.0'),(116,'Carl Zeiss Jena Tessar 50mm f/2.8-22.0',5,'Normal',50,'50.0',2.8,'22.0','58.0','49.0'),(117,'Carl Zeiss Jena Pancolar 55mm f/1.4-16.0',5,'Normal',55,'55.0',1.4,'16.0','39.0','58.0'),(118,'Carl Zeiss Jena Macro Pancolar 55mm f/2.8-22.0',3,'Macro',55,'55.0',2.8,'22.0','25.0','49.0'),(119,'Carl Zeiss Jena Biotar 58mm f/2.0-16.0',5,'Normal',58,'58.0',2,'16.0','50.0','49.0'),(120,'Carl Zeiss Jena Biotar 75mm f/1.5',6,'Short Telephoto',75,'75.0',1.5,'1.5','80.0','58.0'),(121,'Carl Zeiss Jena Pancolar 75mm f/1.4-22.0',6,'Short Telephoto',75,'75.0',1.4,'22.0',NULL,'77.0'),(122,'Carl Zeiss Jena Pancolar 80mm f/1.8-16.0',6,'Short Telephoto',80,'80.0',1.8,'16.0','83.0','58.0'),(123,'Carl Zeiss Jena Biometar 80mm f/2.8-22.0',6,'Short Telephoto',80,'80.0',2.8,'22.0','80.0','49.0'),(124,'Carl Zeiss Jena Sonnar 135mm f/3.5-22.0',6,'Short Telephoto',135,'135.0',3.5,'22.0','100.0','49.0'),(125,'Carl Zeiss Jena Sonnar 135mm f/4.0-22.0',6,'Short Telephoto',135,'135.0',4,'22.0','120.0',NULL),(126,'Carl Zeiss Jena Triotar 135mm f/4.0-22.0',6,'Short Telephoto',135,'135.0',4,'22.0','120.0','49.0'),(127,'Carl Zeiss Jena Sonnar 180mm f/2.8-22.0',4,'Medium Telephoto',180,'180.0',2.8,'22.0','170.0','86.0'),(128,'Carl Zeiss Jena Sonnar 200mm f/2.8-22.0',4,'Medium Telephoto',200,'200.0',2.8,'22.0','220.0','77.0'),(129,'Carl Zeiss Jena Sonnar 300mm f/4.0',2,'Long Telephoto',300,'300.0',4,'4.0',NULL,NULL),(130,'Carl Zeiss Jena Spiegelobjektiv 500mm f/4.0',2,'Long Telephoto',500,'500.0',4,'4.0',NULL,NULL),(131,'Carl Zeiss Jena Fernobjektiv 500mm f/8.0-45.0',2,'Long Telephoto',500,'500.0',8,'45.0','600.0','77.0'),(132,'Carl Zeiss Jena Spiegelobjektiv / Prakticar 1000mm f/5.6',2,'Long Telephoto',1000,'1000.0',5.6,'5.6','1600.0',NULL),(133,'Chinon Auto Chinon 28mm f/2.8-22.0',8,'Wide',28,'28.0',2.8,'22.0','35.0','49.0'),(134,'Chinon Auto Chinon 35mm f/2.8-22.0',8,'Wide',35,'35.0',2.8,'22.0','50.0','49.0'),(135,'Chinon Auto Chinon 55mm f/1.4-16.0',5,'Normal',55,'55.0',1.4,'16.0','50.0','55.0'),(136,'Chinon Auto Chinon 55mm f/1.4-16.0',5,'Normal',55,'55.0',1.4,'16.0','50.0','55.0'),(137,'Computar Computar 35mm f/2.8-16.0',8,'Wide',35,'35.0',2.8,'16.0','60.0','49.0'),(138,'Cosina Zoom 19-35mm f/3.5-22.0',9,'Zoom',19,'35.0',3.5,'22.0','50.0','77.0'),(139,'Cosina – 24mm f/2.8-22.0',8,'Wide',24,'24.0',2.8,'22.0','19.0','52.0'),(140,'Cosina Zoom 28-210mm f/3.5-22.0',9,'Zoom',28,'210.0',3.5,'22.0','190.0','72.0'),(141,'Cosina Cosinon auto 55mm f/1.4-16.0',5,'Normal',55,'55.0',1.4,'16.0','50.0','55.0'),(142,'Cosina / Voigtlander Ultron SL Aspherical 40mm f/2.0-16.0',5,'Normal',40,'40.0',2,'16.0','40.0','52.0'),(143,'Cosina / Voigtlander Color-Heliar SL 75mm f/2.5-22.0',6,'Short Telephoto',75,'75.0',2.5,'22.0','70.0','49.0'),(144,'Cosina / Voigtlander APO-Lanthar SL Close Focus 90mm f/3.5-22.0',6,'Short Telephoto',90,'90.0',3.5,'22.0','50.0','49.0'),(145,'Cosina / Voigtlander Macro APO-Lanthar SL 125mm f/2.5-22.0',3,'Macro',125,'125.0',2.5,'22.0','38.0','58.0'),(146,'Cosina / Voigtlander APO-Lanthar SL Close Focus 180mm f/4.0-22.0',4,'Medium Telephoto',180,'180.0',4,'22.0','120.0','49.0'),(147,'E. Ludwig Meritar 50mm f/2.9-22.0',5,'Normal',50,'50.0',2.9,'22.0','60.0',NULL),(148,'Edixa Westromat 50mm 1.9',5,'Normal',50,'50.0',1.9,NULL,NULL,NULL),(149,'Enna Ennalyt 28mm f/3.5',8,'Wide',28,'28.0',3.5,'3.5',NULL,NULL),(150,'Enna Lithagon 28mm f/3.5',8,'Wide',28,'28.0',3.5,'3.5',NULL,NULL),(151,'Enna Zoom 85-250mm f/4.0-22.0',9,'Zoom',85,'250.0',4,'22.0',NULL,NULL),(152,'Enna Tele Ennalyt 240mm f/4.5-22.0',4,'Medium Telephoto',240,'240.0',4.5,'22.0','400.0',NULL),(153,'Enna Tele-Ennalyt 400mm f4.5 400mm f/4.5-32.0',4,'Medium Telephoto',400,'400.0',4.5,'32.0',NULL,'95.0'),(154,'Enna Manchen Macro-Revuenon 28mm f/3.5-16.0',8,'Wide',28,'28.0',3.5,'16.0','20.0','52.0'),(155,'Enna Manchen Lithagon 35mm f/3.5-22.0',8,'Wide',35,'35.0',3.5,'22.0','50.0','52.0'),(156,'ENNA Manchen Ennalyt 50mm f/1.9-22.0',5,'Normal',50,'50.0',1.9,'22.0','38.0','52.0'),(157,'Exakta Macro 70-210mm f/4.5-5.6',3,'Macro',70,'210.0',4.5,'5.6',NULL,NULL),(158,'Eyemik Auto Wide 35mm f/2.8-22.0',8,'Wide',35,'35.0',2.8,'22.0','50.0','52.0'),(159,'Feinmess Bonotar 105mm f/4.5-22.0',4,'Medium Telephoto',105,'105.0',4.5,'22.0',NULL,'40.0'),(160,'Fujifilm EBC Fujinon F 16mm f/2.8-22.0',1,NULL,16,'16.0',2.8,'22.0','25.0',NULL),(161,'Fujifilm EBC Fujinon F 19mm f/3.5-22.0',8,'Wide',19,'19.0',3.5,'22.0',NULL,'77.0'),(162,'Fujifilm EBC Fujinon W 28mm f/3.5-16.0',8,'Wide',28,'28.0',3.5,'16.0','40.0','49.0'),(163,'Fujifilm EBC Fujinon W 35mm f/1.9-16.0',8,'Wide',35,'35.0',1.9,'16.0','40.0','49.0'),(164,'Fujifilm EBC Fujinon W 35mm f/2.8-16.0',8,'Wide',35,'35.0',2.8,'16.0','40.0','49.0'),(165,'Fujifilm EBC Fujinon 50mm f/1.4-16.0',5,'Normal',50,'50.0',1.4,'16.0','45.0','49.0'),(166,'Fujifilm Fujinon 50mm f/1.4-16.0',5,'Normal',50,'50.0',1.4,'16.0','45.0','49.0'),(167,'Fujifilm EBC Fujinon Z 54-270mm f/4.5-22.0',9,'Zoom',54,'270.0',4.5,'22.0','250.0','62.0'),(168,'Fujifilm Fujinon 55mm f/1.8-16.0',5,'Normal',55,'55.0',1.8,'16.0','45.0','49.0'),(169,'Fujifilm EBC Fujinon Macro 55mm f/3.5-32.0',3,'Macro',55,'55.0',3.5,'32.0','24.1','49.0'),(170,'Fujifilm EBC Fujinon Z 75-150mm f/4.5-22.0',9,'Zoom',75,'150.0',4.5,'22.0','180.0','62.0'),(171,'Fujifilm EBC Fujinon Z 75-205mm f/3.8-22.0',9,'Zoom',75,'205.0',3.8,'22.0','200.0','62.0'),(172,'Fujifilm EBC Fujinon SF 85mm f/4.0-16.0',6,'Short Telephoto',85,'85.0',4,'16.0','100.0',NULL),(173,'Fujifilm EBC Fujinon T 100mm f/2.8-22.0',6,'Short Telephoto',100,'100.0',2.8,'22.0','120.0','49.0'),(174,'Fujifilm EBC Fujinon T 135mm f/3.5-22.0',4,'Medium Telephoto',135,'135.0',3.5,'22.0','150.0','49.0'),(175,'Fujifilm EBC Fujinon T 200mm f/4.5-22.0',4,'Medium Telephoto',200,'200.0',4.5,'22.0','250.0','49.0'),(176,'Fujifilm EBC Fujinon T 400mm f/4.5-45.0',2,'Long Telephoto',400,'400.0',4.5,'45.0','800.0',NULL),(177,'Fujifilm EBC Fujinon T 600mm f/5.6-45.0',2,'Long Telephoto',600,'600.0',5.6,'45.0','1250.0',NULL),(178,'Fujifilm EBC Fujinon T 1000mm f/8.0-45.0',2,'Long Telephoto',1000,'1000.0',8,'45.0','3000.0',NULL),(179,'Hanimex Hanimar Automatic 28mm f/2.8-22.0',7,'Ultra-wide',28,'28.0',2.8,'22.0','40.0','62.0'),(180,'Hanimex Hanimex Automatic 35mm f/2.8-22.0',8,'Wide',35,'35.0',2.8,'22.0','50.0','55.0'),(181,'Hanimex Automatic Zoom C-Macro 35-70mm f/-1.0-22.0',9,'Zoom',35,'70.0',-1,'22.0','50.0','55.0'),(182,'Hanimex Hanimar 135mm f/3.5',4,'Medium Telephoto',135,'135.0',3.5,'3.5',NULL,NULL),(183,'Hanimex Hanimar auto “s” 135mm f/2.8-22.0',4,'Medium Telephoto',135,'135.0',2.8,'22.0','200.0','58.0'),(184,'Hanimex Hanimex Automatic 135mm f/2.8-22.0',4,'Medium Telephoto',135,'135.0',2.8,'22.0','150.0','55.0'),(185,'Hanimex Hanimar Automatic 200mm f/3.5-22.0',4,'Medium Telephoto',200,'200.0',3.5,'22.0','270.0','62.0'),(186,'Hanimex Hanimar 400mm f/6.3',2,'Long Telephoto',400,'400.0',6.3,'6.3',NULL,NULL),(187,'Hanza Auto Zoom 85-205mm f/3.8',9,'Zoom',85,'205.0',3.8,'3.8',NULL,NULL),(188,'Hanza 200 200mm f/3.9-32.0',4,'Medium Telephoto',200,'200.0',3.9,'32.0','250.0',NULL),(189,'Helios 44 58mm f/2.0-16.0',5,'Normal',58,'58.0',2,'16.0',NULL,NULL),(190,'Helios 40 85mm f/1.5-22.0',6,'Short Telephoto',85,'85.0',1.5,'22.0','80.0','66.0'),(191,'Helios 40-2 85mm f/1.5-22.0',6,'Short Telephoto',85,'85.0',1.5,'22.0','80.0','67.0'),(192,'Helios Macro 85-210mm f/3.8-22.0',9,'Zoom',85,'210.0',3.8,'22.0','170.0','62.0'),(193,'Isco-Gattingen Westron 35mm f/2.8-16.0',8,'Wide',35,'35.0',2.8,'16.0','30.0','49.0'),(194,'Isco-Gattingen Edixa-Westanar 50mm f/2.8-16.0',5,'Normal',50,'50.0',2.8,'16.0','75.0','41.0'),(195,'Isco-Gattingen Iscotar 50mm f/2.8-16.0',5,'Normal',50,'50.0',2.8,'16.0','80.0','49.0'),(196,'ISCO-Gattingen Westanar 50mm f/2.8-16.0',5,'Normal',50,'50.0',2.8,'16.0','100.0','40.0'),(197,'ISCO-Gattingen Westanar 50mm f/3.5-16.0',5,'Normal',50,'50.0',3.5,'16.0','100.0','40.0'),(198,'Isco-Gattingen Edixa ISCO-MAT 50mm f/1.9-22.0',1,NULL,50,'50.0',1.9,'22.0','50.0','49.0'),(199,'Isco-Gattingen Edixa Westromat 50mm f/1.9-22.0',5,'Normal',50,'50.0',1.9,'22.0','50.0','49.0'),(200,'Isco-Gattingen Westagon 50mm f/1.9-22.0',5,'Normal',50,'50.0',1.9,'22.0','50.0','49.0'),(201,'Isco-Gattingen Isconar 100mm f/4.5-22.0',6,'Short Telephoto',100,'100.0',4.5,'22.0','150.0','41.0'),(202,'Isco-Gattingen Tele Westanar 135mm f/3.5-22.0',6,'Short Telephoto',135,'135.0',3.5,'22.0','250.0',NULL),(203,'Isco-Gattingen Isconar 135mm f/4.0-22.0',4,'Medium Telephoto',135,'135.0',4,'22.0','150.0','49.0'),(204,'Japan Auto-Flex 50mm f/2.8-16.0',5,'Normal',50,'50.0',2.8,'16.0','50.0','52.0'),(205,'Jupiter 9 85mm f/2.0-16.0',6,'Short Telephoto',85,'85.0',2,'16.0','80.0','49.0'),(206,'Jupiter 11 135mm f/4.0',4,'Medium Telephoto',135,'135.0',4,'4.0',NULL,NULL),(207,'Jupiter 6 180mm f/2.8',4,'Medium Telephoto',180,'180.0',2.8,'2.8',NULL,'77.0'),(208,'Jupiter 21M 200mm f/4.0',2,'Long Telephoto',200,'200.0',4,'4.0','1.8',NULL),(209,'Kenlock Kenlock automatic MC 24mm f/2.5-16.0',7,'Ultra-wide',24,'24.0',2.5,'16.0','30.0','62.0'),(210,'Kern Macro Switar 50mm f/1.9-16.0',5,'Normal',50,'50.0',1.9,'16.0','27.0',NULL),(211,'Kilfitt Macro-Kilar 40mm f/2.8-22.0',3,'Macro',40,'40.0',2.8,'22.0',NULL,NULL),(212,'Kilfitt Macro-Kilar 40mm f/3.5-22.0',3,'Macro',40,'40.0',3.5,'22.0',NULL,NULL),(213,'Kilfitt Kilar 90mm f/2.5-22.0',6,'Short Telephoto',90,'90.0',2.5,'22.0',NULL,NULL),(214,'Kilfitt Macro-Kilar 90mm f/2.8-32.0',3,'Macro',90,'90.0',2.8,'32.0',NULL,NULL),(215,'Kilfitt Kilar 135mm f/3.8-22.0',6,'Short Telephoto',135,'135.0',3.8,'22.0',NULL,'40.0'),(216,'Kilfitt Kilar 150mm f/3.5-22.0',4,'Medium Telephoto',150,'150.0',3.5,'22.0',NULL,'52.0'),(217,'Kilfitt Reflectar 250mm f/4.0',2,'Long Telephoto',250,'250.0',4,'4.0',NULL,NULL),(218,'Kilfitt Sport Reflectar 500mm f/5.6',2,'Long Telephoto',500,'500.0',5.6,'5.6',NULL,NULL),(219,'Kilfitt Sport Reflectar 1000mm f/8.0',1,NULL,1000,'1000.0',8,'8.0',NULL,NULL),(220,'Kiron Kiron 24mm f/2.0-16.0',8,'Wide',24,'24.0',2,'16.0','30.0','55.0'),(221,'Kiron Kiron 28mm f/2.0-16.0',8,'Wide',28,'28.0',2,'16.0','30.0','55.0'),(222,'Kiron Kiron 105mm f/2.8-32.0',3,'Macro',105,'105.0',2.8,'32.0','35.0','52.0'),(223,'KMZ Industar-61 L/Z 50mm f/2.8-16.0',5,'Normal',50,'50.0',2.8,'16.0','28.0','49.0'),(224,'KMZ Volna 9 50mm f/2.8-16.0',5,'Normal',50,'50.0',2.8,'16.0','23.0','52.0'),(225,'KMZ Industar-50-2 50mm f/3.5-16.0',5,'Normal',50,'50.0',3.5,'16.0','0.65','36.0'),(226,'KMZ Tair-3 300mm f/4.5-22.0',2,'Long Telephoto',300,'300.0',4.5,'22.0','300.0','72.0'),(227,'KMZ or BeLOMO or Lytkarino Helios 44-2 58mm f/2.0-16.0',5,'Normal',58,'58.0',2,'16.0','50.0','49.0'),(228,'KMZ/BeLOMO Helios-44-M 58mm f/2.0-16.0',5,'Normal',58,'58.0',2,'16.0',NULL,'52.0'),(229,'Komura Komura 85mm f/1.4-16.0',6,'Short Telephoto',85,'85.0',1.4,'16.0','100.0','67.0'),(230,'Korea Praktica 135mm f/2.8-22.0',4,'Medium Telephoto',135,'135.0',2.8,'22.0',NULL,'52.0'),(231,'Luxon MC Auto Zoom 28-70mm f/3.5-22.0',9,'Zoom',28,'70.0',3.5,'22.0','80.0','58.0'),(232,'Mamiya Auto Mamiya/Sekor SX 21mm f/4.0-16.0',8,'Wide',21,'21.0',4,'16.0','45.0','49.0'),(233,'Mamiya Auto Mamiya / Sekor 28mm f/2.8-16.0',8,'Wide',28,'28.0',2.8,'16.0','30.0','58.0'),(234,'Mamiya Auto Mamiya / Sekor 35mm f/2.8-16.0',8,'Wide',35,'35.0',2.8,'16.0','40.0','49.0'),(235,'Mamiya Auto Mamiya / Sekor 50mm f/2.0-16.0',5,'Normal',50,'50.0',2,'16.0','50.0','52.0'),(236,'Mamiya Auto Mamiya/Sekor 55mm f/1.4-16.0',5,'Normal',55,'55.0',1.4,'16.0','55.0','55.0'),(237,'Mamiya Auto Mamiya/Sekor SX 55mm f/1.4-16.0',5,'Normal',55,'55.0',1.4,'16.0','45.0',NULL),(238,'Mamiya Auto Mamiya / Sekor 55mm f/1.8-16.0',5,'Normal',55,'55.0',1.8,'16.0','50.0','52.0'),(239,'Mamiya Auto Mamiya / Sekor 55mm f/2.0-16.0',5,'Normal',55,'55.0',2,'16.0','50.0','52.0'),(240,'Mamiya Auto Mamiya / Sekor 135mm f/2.8-22.0',6,'Short Telephoto',135,'135.0',2.8,'22.0','150.0','55.0'),(241,'Mamiya Auto Mamiya / Sekor 135mm f/3.5-22.0',6,'Short Telephoto',135,'135.0',3.5,'22.0','180.0','49.0'),(242,'Mamiya Auto Mamiya / Sekor 200mm f/3.5-22.0',4,'Medium Telephoto',200,'200.0',3.5,'22.0','300.0','67.0'),(243,'Meyer Orestegor / Pentacon 300mm f/4.0-22.0',2,'Long Telephoto',300,'300.0',4,'22.0',NULL,NULL),(244,'Meyer Telemegor 300mm f/4.5',2,'Long Telephoto',300,'300.0',4.5,'4.5',NULL,NULL),(245,'Meyer Telemegor 250mm f/5.5',2,'Long Telephoto',250,'250.0',5.5,'5.5',NULL,NULL),(246,'Meyer Orestegor 200mm f/4.0-22.0',2,'Long Telephoto',200,'200.0',4,'22.0','250.0',NULL),(247,'Meyer Telemegor 180mm f/5.5',4,'Medium Telephoto',180,'180.0',5.5,'5.5',NULL,NULL),(248,'Meyer Primotar 180mm f/3.5',1,NULL,180,NULL,3.5,NULL,NULL,NULL),(249,'Meyer Primoplan 75mm f/1.9',1,NULL,75,'75.0',1.9,NULL,NULL,NULL),(250,'Meyer Orestor / Pentacon 135mm f/2.8-22.0',6,'Short Telephoto',135,'135.0',2.8,'22.0',NULL,'55.0'),(251,'Meyer Primotar 135mm f/3.5',1,NULL,135,NULL,3.5,NULL,NULL,NULL),(252,'Meyer Trioplan 100mm f/2.8-22.0',6,'Short Telephoto',100,'100.0',2.8,'22.0','120.0','49.0'),(253,'Meyer Orestegor / Pentacon / Prakticar 500mm f/5.6',1,NULL,500,NULL,5.6,NULL,NULL,NULL),(254,'Meyer Orestor / Pentacon 100mm f/2.8',1,NULL,100,NULL,2.8,NULL,NULL,NULL),(255,'Meyer Telemegor 400mm f/5.5',2,'Long Telephoto',400,'400.0',5.5,'5.5',NULL,NULL),(256,'Meyer Orestegon / Pentacon 29mm f/2.8-16.0',8,'Wide',29,'29.0',2.8,'16.0','25.0','55.0'),(257,'Meyer Lydith / Pentacon 30mm f/3.5',8,'Wide',30,'30.0',3.5,'3.5','40.0','49.0'),(258,'Meyer Primagon 35mm f/4.5',1,NULL,35,NULL,4.5,NULL,NULL,NULL),(259,'Meyer Helioplan / Wide-Angle Anastigmat 40mm f/4.5',1,NULL,40,NULL,4.5,NULL,NULL,NULL),(260,'Meyer Oreston / Pentacon 50mm f/1.4',1,NULL,50,NULL,1.4,NULL,NULL,NULL),(261,'Meyer Trioplan 50mm f/2.9',1,NULL,50,NULL,2.9,NULL,NULL,NULL),(262,'Meyer Primotar-E 50mm f/3.5',1,NULL,50,NULL,3.5,NULL,NULL,NULL),(263,'Meyer Oreston / Pentacon 50mm f/1.8-16.0',5,'Normal',50,'50.0',1.8,'16.0','33.0','49.0'),(264,'Meyer Domiron 50mm f/2.0-16.0',5,'Normal',50,'50.0',2,'16.0','40.0',NULL),(265,'Meyer Domiplan 50mm f/2.8-16.0',5,'Normal',50,'50.0',2.8,'16.0','75.0','49.0'),(266,'Meyer Domiplan 50mm f/2.8-22.0',5,'Normal',50,'50.0',2.8,'22.0','75.0','49.0'),(267,'Meyer Primotar 50mm f/2.8-32.0',5,'Normal',50,'50.0',2.8,'32.0','60.0',NULL),(268,'Meyer Primoplan 58mm f/1.9',5,'Normal',58,'58.0',1.9,'1.9','50.0','49.0'),(269,'MIR 1B 37mm f/2.8-16.0',8,'Wide',37,'37.0',2.8,'16.0',NULL,'49.0'),(270,'MIR 24M 35mm f/2.0',8,'Wide',35,'35.0',2,'2.0',NULL,NULL),(271,'MIR 10A 28mm f/3.5-16.0',8,'Wide',28,'28.0',3.5,'16.0','22.0','67.0'),(272,'MIR 20M 20mm f/3.5-16.0',7,'Ultra-wide',20,'20.0',3.5,'16.0','18.0','28.0'),(273,'Mirage 135mm f2.8 Auto 135mm f/2.8-16.0',6,'Short Telephoto',135,'135.0',2.8,'16.0','180.0','55.0'),(274,'Montgomery Ward Auto Zoom 85-205mm f/3.8-22.0',9,'Zoom',85,'205.0',3.8,'22.0','200.0','58.0'),(275,'Olympus G. Zuiko Auto-W 28mm f/3.5-16.0',8,'Wide',28,'28.0',3.5,'16.0','25.0','49.0'),(276,'Olympus G. Zuiko Auto-W 35mm f/2.8-16.0',8,'Wide',35,'35.0',2.8,'16.0',NULL,'49.0'),(277,'Olympus G. Zuiko Auto-S 50mm f/1.4-16.0',5,'Normal',50,'50.0',1.4,'16.0',NULL,NULL),(278,'Olympus F. Zuiko Auto-S 50mm f/1.8-16.0',5,'Normal',50,'50.0',1.8,'16.0','40.0','49.0'),(279,'Olympus E. Zuiko Auto-T 135mm f/3.5-22.0',6,'Short Telephoto',135,'135.0',3.5,'22.0',NULL,NULL),(280,'Olympus E. Zuiko Auto-T 200mm f/4.0-22.0',2,'Long Telephoto',200,'200.0',4,'22.0',NULL,'58.0'),(281,'Optomax 35mm f2.8 Auto 35mm f/2.8-22.0',8,'Wide',35,'35.0',2.8,'22.0','50.0','55.0'),(282,'P. Angenieux Type R 61 24mm f/3.5-22.0',8,'Wide',24,'24.0',3.5,'22.0',NULL,NULL),(283,'P. Angenieux Type R 11 28mm f/3.5-22.0',8,'Wide',28,'28.0',3.5,'22.0',NULL,NULL),(284,'P. Angenieux Type R 1 35mm f/2.5-22.0',8,'Wide',35,'35.0',2.5,'22.0',NULL,NULL),(285,'P. Angenieux Type S 21 50mm f/1.5-22.0',5,'Normal',50,'50.0',1.5,'22.0',NULL,NULL),(286,'P. Angenieux Type P 1 90mm f/1.8-22.0',6,'Short Telephoto',90,'90.0',1.8,'22.0',NULL,NULL),(287,'P. Angenieux Type Y12 90mm f/2.5-22.0',6,'Short Telephoto',90,'90.0',2.5,'22.0',NULL,NULL),(288,'P. Angenieux Type P 21 180mm f/4.5-22.0',4,'Medium Telephoto',180,'180.0',4.5,'22.0',NULL,NULL),(289,'Pentacon Multi Coating 29mm f/2.8-22.0',8,'Wide',29,'29.0',2.8,'22.0','25.0','55.0'),(290,'Pentacon Multi Coating 50mm f/1.8-16.0',5,'Normal',50,'50.0',1.8,'16.0','33.0','49.0'),(291,'Pentacon Electric 135mm f/2.8-22.0',4,'Medium Telephoto',135,'135.0',2.8,'22.0','170.0','55.0'),(292,'Pentacon Pentacon auto MC 135mm f/2.8-22.0',6,'Short Telephoto',135,'135.0',2.8,'22.0','170.0',NULL),(293,'Pentor – 35mm f/2.8-16.0',8,'Wide',35,'35.0',2.8,'16.0','50.0',NULL),(294,'Pentor Auto 200mm f/3.5-22.0',2,'Long Telephoto',200,'200.0',3.5,'22.0','260.0','62.0'),(295,'Petri C.C. Auto 45mm f/2.8-16.0',1,NULL,45,'45.0',2.8,'16.0',NULL,'52.0'),(296,'Petri C.C. Auto 55mm f/1.8-16.0',5,'Normal',55,'55.0',1.8,'16.0','60.0','52.0'),(297,'Photax Zoom-Macro 37-105mm f/3.5-22.0',9,'Zoom',37,'105.0',3.5,'22.0','30.0','67.0'),(298,'Piesker Voss 35mm f/2.8',8,'Wide',35,'35.0',2.8,'2.8',NULL,NULL),(299,'Piesker Voss 100mm f/2.8-22.0',6,'Short Telephoto',100,'100.0',2.8,'22.0',NULL,NULL),(300,'Piesker Kalimar 100mm f/3.5-22.0',3,'Macro',100,'100.0',3.5,'22.0',NULL,NULL),(301,'Piesker Votar 135mm f/3.5-22.0',4,'Medium Telephoto',135,'135.0',3.5,'22.0',NULL,NULL),(302,'Piesker Tele-Votar 180mm f/5.5',4,'Medium Telephoto',180,'180.0',5.5,'5.5',NULL,NULL),(303,'Piesker Tele-Votar 250mm f/5.5',2,'Long Telephoto',250,'250.0',5.5,'5.5',NULL,NULL),(304,'Porst Porst Super Weitwinkel 28mm f/2.8-22.0',7,'Ultra-wide',28,'28.0',2.8,'22.0','40.0','62.0'),(305,'Porst Super-WW-AS 28mm f/2.8-22.0',7,'Ultra-wide',28,'28.0',2.8,'22.0','25.0','49.0'),(306,'Porst 35mm f/2.8',1,NULL,35,NULL,2.8,NULL,NULL,NULL),(307,'Porst Weitwinkel 35mm f/2.8-22.0',8,'Wide',35,'35.0',2.8,'22.0','50.0','55.0'),(308,'Porst 50mm f/1.7',1,NULL,50,NULL,1.7,NULL,NULL,NULL),(309,'Porst Color Reflex Auto 50mm f/1.8',5,'Normal',50,'50.0',1.8,'1.8',NULL,NULL),(310,'Porst Porst Color Reflex MC auto 50mm f/1.7-16.0',5,'Normal',50,'50.0',1.7,'16.0','50.0','49.0'),(311,'Porst Porst Color Reflex MC Auto 55mm f/1.4-16.0',5,'Normal',55,'55.0',1.4,'16.0','50.0','55.0'),(312,'Porst Porst Color Reflex auto 55mm f/2.8-22.0',5,'Normal',55,'55.0',2.8,'22.0','90.0','49.0'),(313,'Porst Porst Tele auto 100mm f/2.8-22.0',6,'Short Telephoto',100,'100.0',2.8,'22.0','120.0','52.0'),(314,'Porst Porst Tele auto D 135mm f/3.5-22.0',4,'Medium Telephoto',135,'135.0',3.5,'22.0','250.0','49.0'),(315,'Porst 200mm f/3.5',1,NULL,200,NULL,3.5,NULL,NULL,NULL),(316,'Porst Super-Tele-AS 200mm f/3.5-22.0',4,'Medium Telephoto',200,'200.0',3.5,'22.0','300.0','58.0'),(317,'Porst Super Tele auto 240mm f/4.5-22.0',4,'Medium Telephoto',240,'240.0',4.5,'22.0','400.0','52.0'),(318,'Promatic Auto 300mm f/5.5',2,'Long Telephoto',300,'300.0',5.5,'5.5',NULL,NULL),(319,'Ranger Wide Auto 35mm f/2.8-16.0',8,'Wide',35,'35.0',2.8,'16.0','50.0','49.0'),(320,'Ranger Auto Telephoto 135mm f/2.8-22.0',4,'Medium Telephoto',135,'135.0',2.8,'22.0','200.0','55.0'),(321,'Raynox 200mm f/3.5',1,NULL,200,NULL,3.5,NULL,NULL,NULL),(322,'Reflecta Super Reflecta 55mm f/1.4-16.0',5,'Normal',55,'55.0',1.4,'16.0','50.0','55.0'),(323,'Reflexogon Reflexogon 28mm f/3.5-16.0',7,'Ultra-wide',28,'28.0',3.5,'16.0','22.0','49.0'),(324,'Revue Macro-Revuenon 28mm f/3.5-16.0',8,'Wide',28,'28.0',3.5,'16.0','20.0','54.0'),(325,'Revue Auto Revuenon 28mm f/2.8-22.0',7,'Ultra-wide',28,'28.0',2.8,'22.0','36.0','52.0'),(326,'Revue Revuenon 50mm f/1.8',5,'Normal',50,'50.0',1.8,'1.8',NULL,NULL),(327,'Revue Tomioka Auto Revuenon 55mm f/1.2-16.0',5,'Normal',55,'55.0',1.2,'16.0','50.0','55.0'),(328,'Revue Auto Revuenon 55mm f/1.4-16.0',5,'Normal',55,'55.0',1.4,'16.0','50.0','55.0'),(329,'Revue Auto Revuenon 55mm f/1.4-16.0',5,'Normal',55,'55.0',1.4,'16.0','50.0','55.0'),(330,'Revue Auto Revuenon 55mm f/1.7-16.0',5,'Normal',55,'55.0',1.7,'16.0','50.0','52.0'),(331,'Revue Revuenon-zoom 70-220mm f/4.0-22.0',9,'Zoom',70,'220.0',4,'22.0','200.0','67.0'),(332,'Revue Revuenon-Zoom 80-205mm f/3.9-22.0',9,'Zoom',80,'205.0',3.9,'22.0','200.0','58.0'),(333,'Revue Auto Revuenon 135mm f/2.8-22.0',6,'Short Telephoto',135,'135.0',2.8,'22.0','150.0','55.0'),(334,'Revue Auto Revuenon 135mm f/2.8-22.0',6,'Short Telephoto',135,'135.0',2.8,'22.0','150.0','52.0'),(335,'Revue Auto Revuenon 135mm f/2.8-22.0',4,'Medium Telephoto',135,'135.0',2.8,'22.0','150.0','52.0'),(336,'Revue Auto-Revuenon 200mm f/3.5-22.0',4,'Medium Telephoto',200,'200.0',3.5,'22.0','280.0','58.0'),(337,'Revue Revuenon Mirror Lens 500mm f/8.0',2,'Long Telephoto',500,'500.0',8,'8.0','400.0','77.0'),(338,'Revuenon Auto Revuenon 35mm f/2.8-22.0',8,'Wide',35,'35.0',2.8,'22.0','50.0','52.0'),(339,'Revuenon Revuenon-Special 35mm f/2.8-22.0',8,'Wide',35,'35.0',2.8,'22.0','50.0','52.0'),(340,'Revuenon Auto Revuenon 50mm f/1.8-16.0',5,'Normal',50,'50.0',1.8,'16.0','48.0','49.0'),(341,'Revuenon Auto Revuenon 50mm f/2.0-16.0',5,'Normal',50,'50.0',2,'16.0','50.0','52.0'),(342,'Revuenon MC Revuenon 125mm f/2.8-16.0',4,'Medium Telephoto',125,'125.0',2.8,'16.0','143.0','52.0'),(343,'Revuenon Revuenon-Special 135mm f/2.8-22.0',4,'Medium Telephoto',135,'135.0',2.8,'22.0','250.0','55.0'),(344,'Rexatar Auto MC 135mm f/2.8-22.0',4,'Medium Telephoto',135,'135.0',2.8,'22.0','150.0','55.0'),(345,'Riken Optical Corp Auto Rikenon 55mm f/1.4-16.0',8,'Wide',55,'55.0',1.4,'16.0','50.0','55.0'),(346,'Robotar Robotar 35mm f/2.8-22.0',8,'Wide',35,'35.0',2.8,'22.0','50.0','55.0'),(347,'Robotar Robotar 35mm f/2.8-22.0',8,'Wide',35,'35.0',2.8,'22.0','50.0','55.0'),(348,'Robotar Robotar 35mm f/2.8-22.0',8,'Wide',35,'35.0',2.8,'22.0','40.0','49.0'),(349,'Rodenstock Eurygon 30mm f/2.8-16.0',8,'Wide',30,'30.0',2.8,'16.0',NULL,NULL),(350,'Rodenstock Eurygon 35mm f/4.0-16.0',8,'Wide',35,'35.0',4,'16.0',NULL,NULL),(351,'Rodenstock Heligon 50mm f/2.0-16.0',5,'Normal',50,'50.0',2,'16.0',NULL,NULL),(352,'Rollei / Voigtlander Color-Skoparex 25mm f/2.8-16.0',8,'Wide',25,'25.0',2.8,'16.0',NULL,'49.0'),(353,'Rollei / Voigtlander Color-Skoparex 35mm f/2.8-16.0',8,'Wide',35,'35.0',2.8,'16.0',NULL,'49.0'),(354,'Rollei / Voigtlander Color-Ultron 50mm f/1.8-16.0',5,'Normal',50,'50.0',1.8,'16.0',NULL,'49.0'),(355,'Rollei / Voigtlander Color-Dynarex 85mm f/2.8-16.0',6,'Short Telephoto',85,'85.0',2.8,'16.0',NULL,'49.0'),(356,'Rollei / Voigtlander Color-Dynarex 135mm f/4.0-22.0',4,'Medium Telephoto',135,'135.0',4,'22.0',NULL,NULL),(357,'Rollei / Voigtlander Color-Dynarex 200mm f/4.0-22.0',2,'Long Telephoto',200,'200.0',4,'22.0',NULL,NULL),(358,'Rollei-HFT Planar 50mm f/1.8-16.0',5,'Normal',50,'50.0',1.8,'16.0','45.0','49.0'),(359,'Schacht Ulm Edixa-S-Travegon-A 35mm f/2.8-22.0',8,'Wide',35,'35.0',2.8,'22.0','50.0','49.0'),(360,'Schacht Ulm Edixa-Travenar 50mm f/2.8-16.0',5,'Normal',50,'50.0',2.8,'16.0','50.0','49.0'),(361,'Schacht Ulm Praktica-Travenar R 90mm f/2.8-22.0',6,'Short Telephoto',90,'90.0',2.8,'22.0','100.0','49.0'),(362,'Schacht Ulm Travegar 100mm f/3.3-22.0',6,'Short Telephoto',100,'100.0',3.3,'22.0','90.0','49.0'),(363,'Schneider C-Curtagon 35mm f/2.8-22.0',8,'Wide',35,'35.0',2.8,'22.0','100.0',NULL),(364,'Schneider Edixa-Tele-Atron 135mm f/3.5-32.0',4,'Medium Telephoto',135,'135.0',3.5,'32.0','200.0','49.0'),(365,'Schneider Apla-Tele-Xenar 360mm f/5.5',2,'Long Telephoto',360,'360.0',5.5,'5.5',NULL,NULL),(366,'Schneider-Kreuznach PC-Super-Angulon 28mm f/2.8-22.0',8,'Wide',28,'28.0',2.8,'22.0','28.0','67.0'),(367,'Schneider-Kreuznach Edixa Curtagon 28mm f/4.0-22.0',7,'Ultra-wide',28,'28.0',4,'22.0','25.0','49.0'),(368,'Schneider-Kreuznach C-Curtagon 35mm f/2.8-22.0',8,'Wide',35,'35.0',2.8,'22.0','100.0',NULL),(369,'Schneider-Kreuznach Curtagon 35mm f/2.8-22.0',8,'Wide',35,'35.0',2.8,'22.0','30.0','49.0'),(370,'Schneider-Kreuznach Edixa-Curtagon 35mm f/2.8-22.0',8,'Wide',35,'35.0',2.8,'22.0','35.0','49.0'),(371,'Schneider-Kreuznach PA-Curtagon 35mm f/4.0-22.0',8,'Wide',35,'35.0',4,'22.0','28.0','49.0'),(372,'Schneider-Kreuznach Xenar 50mm f/2.8-16.0',5,'Normal',50,'50.0',2.8,'16.0','75.0','40.0'),(373,'Schneider-Kreuznach Xenon 50mm f/1.9-22.0',5,'Normal',50,'50.0',1.9,'22.0','50.0','49.0'),(374,'Schneider-Kreuznach Edixa-Xenar 50mm f/2.8-22.0',5,'Normal',50,'50.0',2.8,'22.0','50.0','49.0'),(375,'Schneider-Kreuznach Xenar 50mm f/2.8-22.0',5,'Normal',50,'50.0',2.8,'22.0','50.0','49.0'),(376,'Schneider-Kreuznach C-Xenar 50mm f/3.5-22.0',5,'Normal',50,'50.0',3.5,'22.0','200.0',NULL),(377,'Sears Auto 28mm f/2.8-22.0',8,'Wide',28,'28.0',2.8,'22.0','150.0','58.0'),(378,'Sears Auto Sears 55mm f/1.4-16.0',5,'Normal',55,'55.0',1.4,'16.0','50.0','55.0'),(379,'Sears Auto 135mm f/2.8-22.0',4,'Medium Telephoto',135,'135.0',2.8,'22.0','150.0','55.0'),(380,'Sigma Telemax 135mm f/2.8-22.0',6,'Short Telephoto',135,'135.0',2.8,'22.0','135.0',NULL),(381,'Sigma Zoom Macro IG 39-80mm f/3.5',3,'Macro',39,'80.0',3.5,'3.5',NULL,NULL),(382,'Sigma Sigma-XQ 35mm f/2.8-32.0',8,'Wide',35,'35.0',2.8,'32.0','50.0','62.0'),(383,'Sigma Fish Eye Ultra-Wideangle 12mm f/8.0-16.0',7,'Ultra-wide',12,'12.0',8,'16.0',NULL,NULL),(384,'Sigma XQ Multi-Coated 28mm f/2.8-22.0',8,'Wide',28,'28.0',2.8,'22.0','23.0',NULL),(385,'Sirius 28mm f2.8 Macro MC Automatic 28mm f/2.8-22.0',8,'Wide',28,'28.0',2.8,'22.0','20.0','52.0'),(386,'Soligor 28 mm C/D 28mm f/2.0-16.0',8,'Wide',28,'28.0',2,'16.0','24.0','58.0'),(387,'Soligor Wide Auto 35mm f/2.8-16.0',8,'Wide',35,'35.0',2.8,'16.0','40.0',NULL),(388,'Soligor Zoom 35-70mm f/2.5-3.5',9,'Zoom',35,'70.0',2.5,'3.5',NULL,NULL),(389,'Soligor Zoom 35-70mm f/3.5-4.5',9,'Zoom',35,'70.0',3.5,'4.5',NULL,NULL),(390,'Soligor Soligor C/D 100mm f/2.0-16.0',6,'Short Telephoto',100,'100.0',2,'16.0','150.0','58.0'),(391,'Soligor Soligor 105mm f/2.8-16.0',6,'Short Telephoto',105,'105.0',2.8,'16.0','120.0','49.0'),(392,'Soligor Soligor C/D 135mm f/2.0-22.0',6,'Short Telephoto',135,'135.0',2,'22.0','180.0','77.0'),(393,'Soligor tele-auto 135mm f/2.8-22.0',6,'Short Telephoto',135,'135.0',2.8,'22.0',NULL,NULL),(394,'Soligor Tele-Auto 135mm f/3.5-22.0',4,'Medium Telephoto',135,'135.0',3.5,'22.0','150.0','52.0'),(395,'Soligor MC Soligor 200mm f/2.8-22.0',4,'Medium Telephoto',200,'200.0',2.8,'22.0','250.0','72.0'),(396,'Soligor Soligor C/D 200mm f/2.8-22.0',4,'Medium Telephoto',200,'200.0',2.8,'22.0','220.0','77.0'),(397,'Soligor Tele-auto 300mm f/5.5',2,'Long Telephoto',300,'300.0',5.5,'5.5',NULL,NULL),(398,'Soligor 400mm f/6.3',1,NULL,400,NULL,6.3,NULL,NULL,NULL),(399,'Steinheil Auto-Cassaron 50mm f/2.8-22.0',5,'Normal',50,'50.0',2.8,'22.0','80.0',NULL),(400,'Steinheil Auto-Cassarit 100mm f/3.5-22.0',6,'Short Telephoto',100,'100.0',3.5,'22.0',NULL,'49.0'),(401,'Steinheil Manchen Edixa-Auto-Cassaron 50mm f/2.8-22.0',5,'Normal',50,'50.0',2.8,'22.0','80.0','49.0'),(402,'Steinheil Manchen Tele-Quinar 200mm f/4.5-32.0',4,'Medium Telephoto',200,'200.0',4.5,'32.0','210.0','54.0'),(403,'Tokina 17mm f3.5 TL RMC 17mm f/3.5-16.0',8,'Wide',17,'17.0',3.5,'16.0',NULL,'67.0'),(404,'Tokina RMC wide-auto 28mm f/2.8',8,'Wide',28,'28.0',2.8,'2.8',NULL,NULL),(405,'Tokina Zoom 28-85mm f/4.5',9,'Zoom',28,'85.0',4.5,'4.5',NULL,NULL),(406,'Tokina Wide-Auto 35mm f/2.8-16.0',8,'Wide',35,'35.0',2.8,'16.0','40.0','52.0'),(407,'Tokina Zoom 75-260mm f/4.5',9,'Zoom',75,'260.0',4.5,'4.5',NULL,NULL),(408,'Tokina AT-X 80-200mm f/2.8',9,'Zoom',80,'200.0',2.8,'2.8',NULL,NULL),(409,'Tokina Zoom 80-200mm f/4.5',9,'Zoom',80,'200.0',4.5,'4.5',NULL,NULL),(410,'Tokina RMC Tokina 135mm f/2.8-22.0',6,'Short Telephoto',135,'135.0',2.8,'22.0','150.0','52.0'),(411,'Tomioka Tominon 50mm f/2.0-16.0',1,NULL,50,'50.0',2,'16.0',NULL,'49.0'),(412,'Tomioka Tominon 55mm f/1.2-16.0',5,'Normal',55,'55.0',1.2,'16.0','50.0','55.0'),(413,'Tomioka Tominon 55mm f/1.4-16.0',5,'Normal',55,'55.0',1.4,'16.0',NULL,'55.0'),(414,'Vivitar n/a 28mm f/2.5',8,'Wide',28,'28.0',2.5,'2.5',NULL,NULL),(415,'Vivitar Vivitar Series 1 Auto Wide Angle 28mm f/1.9-16.0',8,'Wide',28,'28.0',1.9,'16.0','30.0','58.0'),(416,'Vivitar Macro Focusing Zoom 28-210mm f/3.5-22.0',9,'Zoom',28,'210.0',3.5,'22.0','250.0','72.0'),(417,'Vivitar 35mm f/1.9-16.0',1,NULL,35,NULL,1.9,'16.0',NULL,NULL),(418,'Vivitar n/a 35mm f/3.5',8,'Wide',35,'35.0',3.5,'3.5',NULL,NULL),(419,'Vivitar Auto Wide Angle 35mm f/2.8-22.0',8,'Wide',35,'35.0',2.8,'22.0','40.0','52.0'),(420,'Vivitar Series-1 Varifocal 35-85mm f/2.8-16.0',3,'Macro',35,'85.0',2.8,'16.0',NULL,'72.0'),(421,'Vivitar Zoom 35-205mm f/3.8',9,'Zoom',35,'205.0',3.8,'3.8',NULL,NULL),(422,'Vivitar Auto Macro 55mm f/2.8-16.0',3,'Macro',55,'55.0',2.8,'16.0','21.0','62.0'),(423,'Vivitar Zoom 75-205mm',9,'Zoom',75,'205.0',NULL,NULL,NULL,NULL),(424,'Vivitar Series-1 Flat Field Macro 90-180mm f/4.5-22.0',9,'Zoom',90,'180.0',4.5,'22.0','70.0','72.0'),(425,'Vivitar Series-1 135mm f/2.3-22.0',4,'Medium Telephoto',135,'135.0',2.3,'22.0','150.0','72.0'),(426,'Vivitar Auto Telephoto 135mm f/2.8-22.0',4,'Medium Telephoto',135,'135.0',2.8,'22.0','140.0','55.0'),(427,'Vivitar Tele 200mm f/3.5-22.0',4,'Medium Telephoto',200,'200.0',3.5,'22.0','183.0','62.0'),(428,'Vivitar n/a 400mm f/5.6',2,'Long Telephoto',400,'400.0',5.6,'5.6',NULL,NULL),(429,'Vivitar Series-1 Aspherical Mirror 450mm f/4.5',2,'Long Telephoto',450,'450.0',4.5,'4.5',NULL,NULL),(430,'Vivitar Tele 500mm f/6.3-32.0',2,'Long Telephoto',500,'500.0',6.3,'32.0',NULL,NULL),(431,'Vivitar Solid Cat 600mm f/8.0',2,'Long Telephoto',600,'600.0',8,'8.0',NULL,NULL),(432,'Vivitar Solid Cat 800mm f/11.0',2,'Long Telephoto',800,'800.0',11,'11.0',NULL,NULL),(433,'Yashica Auto Yashinon-DX 28mm f/2.8-16.0',7,'Ultra-wide',28,'28.0',2.8,'16.0','40.0',NULL),(434,'Yashica Auto Yashinon-DX 35mm f/2.8-16.0',8,'Wide',35,'35.0',2.8,'16.0','40.0',NULL),(435,'Yashica Super Yashinon 35mm f/2.8-16.0',8,'Wide',35,'35.0',2.8,'16.0',NULL,NULL),(436,'Yashica Auto Yashinon DS-M 50mm f/1.4-16.0',5,'Normal',50,'50.0',1.4,'16.0','50.0','55.0'),(437,'Yashica Auto Yashinon-DS 50mm f/1.4-16.0',5,'Normal',50,'50.0',1.4,'16.0','50.0','55.0'),(438,'Yashica Auto Yashinon-DX 50mm f/1.7-16.0',5,'Normal',50,'50.0',1.7,'16.0','48.0',NULL),(439,'Yashica Auto Yashinon 50mm f/1.8-16.0',5,'Normal',50,'50.0',1.8,'16.0','50.0','55.0'),(440,'Yashica Yashinon 50mm f/1.9-16.0',5,'Normal',50,'50.0',1.9,'16.0','55.0',NULL),(441,'Yashica Auto Yashinon 50mm f/2.0-16.0',5,'Normal',50,'50.0',2,'16.0',NULL,NULL),(442,'Yashica Auto Yashinon 55mm f/1.2-16.0',5,'Normal',55,'55.0',1.2,'16.0','50.0',NULL),(443,'Yashica Macro Yashinon 60mm f/2.8-22.0',3,'Macro',60,'60.0',2.8,'22.0','23.0','58.0'),(444,'Yashica Super Yashinon 100mm f/2.8-22.0',6,'Short Telephoto',100,'100.0',2.8,'22.0',NULL,NULL),(445,'Yashica Auto Yashinon-DX 135mm f/2.8-22.0',6,'Short Telephoto',135,'135.0',2.8,'22.0','150.0',NULL),(446,'Yashica Super Yashinon 135mm f/2.8-22.0',6,'Short Telephoto',135,'135.0',2.8,'22.0',NULL,NULL),(447,'Yashica Super Yashinon 135mm f/3.5-22.0',6,'Short Telephoto',135,'135.0',3.5,'22.0',NULL,NULL),(448,'Yashica Super Yashinon 180mm f/3.5-22.0',4,'Medium Telephoto',180,'180.0',3.5,'22.0',NULL,NULL),(449,'Yashica Super Yashinon 250mm f/4.0-22.0',2,'Long Telephoto',250,'250.0',4,'22.0',NULL,NULL),(450,'Zeiss Ikon / Voigtlander Distagon 25mm f/2.8-16.0',8,'Wide',25,'25.0',2.8,'16.0',NULL,NULL),(451,'Zeiss Ikon / Voigtlander Distagon 25mm f/4.0-16.0',8,'Wide',25,'25.0',4,'16.0',NULL,NULL),(452,'Zeiss Ikon / Voigtlander Skoparex 35mm f/3.4-16.0',8,'Wide',35,'35.0',3.4,'16.0','30.0',NULL),(453,'Zeiss Ikon / Voigtlander Ultron 50mm f/1.8-16.0',5,'Normal',50,'50.0',1.8,'16.0','45.0',NULL),(454,'Zeiss Ikon / Voigtlander Tessar 50mm f/2.8-16.0',5,'Normal',50,'50.0',2.8,'16.0','45.0',NULL),(455,'Zeiss Ikon / Voigtlander Dynarex 135mm f/4.0-22.0',4,'Medium Telephoto',135,'135.0',4,'22.0',NULL,NULL);
/*!40000 ALTER TABLE `lens` ENABLE KEYS */;
UNLOCK TABLES;

--
-- Table structure for table `lens_category`
--

DROP TABLE IF EXISTS `lens_category`;
/*!40101 SET @saved_cs_client     = @@character_set_client */;
/*!40101 SET character_set_client = utf8 */;
CREATE TABLE `lens_category` (
  `lens_category_id` int(11) NOT NULL AUTO_INCREMENT,
  `lens_category` tinytext,
  `Count` bigint(20) DEFAULT NULL,
  PRIMARY KEY (`lens_category_id`)
) ENGINE=InnoDB AUTO_INCREMENT=10 DEFAULT CHARSET=latin1;
/*!40101 SET character_set_client = @saved_cs_client */;

--
-- Dumping data for table `lens_category`
--

LOCK TABLES `lens_category` WRITE;
/*!40000 ALTER TABLE `lens_category` DISABLE KEYS */;
INSERT INTO `lens_category` VALUES (1,NULL,28),(2,'Long Telephoto',45),(3,'Macro',20),(4,'Medium Telephoto',57),(5,'Normal',100),(6,'Short Telephoto',60),(7,'Ultra-wide',23),(8,'Wide',92),(9,'Zoom',30);
/*!40000 ALTER TABLE `lens_category` ENABLE KEYS */;
UNLOCK TABLES;

--
-- Table structure for table `sales`
--

DROP TABLE IF EXISTS `sales`;
/*!40101 SET @saved_cs_client     = @@character_set_client */;
/*!40101 SET character_set_client = utf8 */;
CREATE TABLE `sales` (
  `date` date DEFAULT NULL,
  `customer_id` int(11) DEFAULT NULL,
  `lens_id` int(11) DEFAULT NULL,
  `sales_channel_id` int(11) DEFAULT NULL,
  `amount` double DEFAULT NULL,
  `store_id` int(11) DEFAULT NULL,
  `sales_id` int(11) NOT NULL,
  PRIMARY KEY (`sales_id`),
  KEY `fk_customer_idx` (`customer_id`),
  KEY `fk_lens_idx` (`lens_id`),
  KEY `fk_sales_channel_idx` (`sales_channel_id`),
  KEY `fk_store_idx` (`store_id`)
) ENGINE=InnoDB DEFAULT CHARSET=latin1;
/*!40101 SET character_set_client = @saved_cs_client */;

--
-- Dumping data for table `sales`
--

LOCK TABLES `sales` WRITE;
/*!40000 ALTER TABLE `sales` DISABLE KEYS */;
INSERT INTO `sales` VALUES ('2017-06-13',25,19,2,160,5,1),('2017-03-12',21,4,2,90,5,2),('2017-06-10',2,17,1,61,3,3),('2017-05-02',22,15,2,368,4,4),('2017-06-05',2,20,2,176,3,5),('2017-03-02',17,5,1,309,3,6),('2017-06-23',18,7,2,61,2,7),('2017-04-09',19,1,2,444,8,8),('2017-01-28',20,4,1,319,1,9),('2017-05-13',25,3,1,126,5,10),('2017-02-11',20,8,1,118,1,11),('2017-06-29',13,9,1,184,2,12),('2017-03-30',4,9,1,146,12,13),('2017-06-07',20,19,1,354,1,14),('2017-06-24',4,21,1,430,12,15),('2017-04-01',8,22,2,361,7,16),('2017-02-07',14,11,2,371,6,17),('2017-06-17',20,3,1,235,1,18),('2017-06-17',6,12,2,440,13,19),('2017-03-11',6,10,1,215,13,20),('2017-06-26',9,7,1,459,6,21),('2017-03-05',10,7,1,289,7,22),('2017-01-11',23,11,1,391,10,23),('2017-02-07',24,15,2,499,2,24),('2017-02-20',21,9,2,336,5,25),('2017-02-05',11,1,1,182,2,26),('2017-06-12',20,3,1,351,1,27),('2017-02-17',21,4,1,221,5,28),('2017-06-04',10,19,1,88,7,29),('2017-04-26',23,20,2,381,10,30),('2017-06-07',13,23,2,482,2,31),('2017-03-05',10,17,1,193,7,32),('2017-06-23',18,13,2,128,2,33),('2017-05-10',22,21,2,359,4,34),('2017-06-10',4,13,2,471,12,35),('2017-02-15',11,23,1,134,2,36),('2017-02-06',7,17,2,75,7,37),('2017-01-22',7,4,1,474,7,38),('2017-03-21',19,12,1,213,8,39),('2017-02-10',18,22,1,293,2,40),('2017-06-24',15,20,1,103,2,41),('2017-05-19',21,23,2,397,5,42),('2017-01-30',14,14,2,236,6,43),('2017-01-11',11,14,1,75,2,44),('2017-02-27',1,17,1,326,1,45),('2017-01-15',5,13,2,413,11,46),('2017-03-21',3,6,1,484,9,47),('2017-05-30',16,6,1,313,0,48),('2017-01-10',25,9,1,215,5,49),('2017-05-30',2,9,1,490,3,50),('2017-02-26',4,23,2,187,12,51),('2017-02-23',2,15,2,223,3,52),('2017-06-22',4,7,1,462,12,53),('2017-03-12',8,2,1,93,7,54),('2017-02-01',17,7,2,435,3,55);
/*!40000 ALTER TABLE `sales` ENABLE KEYS */;
UNLOCK TABLES;

--
-- Table structure for table `sales_channel`
--

DROP TABLE IF EXISTS `sales_channel`;
/*!40101 SET @saved_cs_client     = @@character_set_client */;
/*!40101 SET character_set_client = utf8 */;
CREATE TABLE `sales_channel` (
  `sales_channel_id` int(11) NOT NULL AUTO_INCREMENT,
  `sales_channel` tinytext,
  PRIMARY KEY (`sales_channel_id`)
) ENGINE=InnoDB AUTO_INCREMENT=3 DEFAULT CHARSET=latin1;
/*!40101 SET character_set_client = @saved_cs_client */;

--
-- Dumping data for table `sales_channel`
--

LOCK TABLES `sales_channel` WRITE;
/*!40000 ALTER TABLE `sales_channel` DISABLE KEYS */;
INSERT INTO `sales_channel` VALUES (1,'online'),(2,'store');
/*!40000 ALTER TABLE `sales_channel` ENABLE KEYS */;
UNLOCK TABLES;

--
-- Table structure for table `store`
--

DROP TABLE IF EXISTS `store`;
/*!40101 SET @saved_cs_client     = @@character_set_client */;
/*!40101 SET character_set_client = utf8 */;
CREATE TABLE `store` (
  `store_name` tinytext,
  `store_country` tinytext,
  `store_city` tinytext,
  `store_id` int(11) NOT NULL,
  PRIMARY KEY (`store_id`)
) ENGINE=InnoDB DEFAULT CHARSET=latin1;
/*!40101 SET character_set_client = @saved_cs_client */;

--
-- Dumping data for table `store`
--

LOCK TABLES `store` WRITE;
/*!40000 ALTER TABLE `store` DISABLE KEYS */;
INSERT INTO `store` VALUES ('York Cameras','UK','York',1),('Rakesh Lenses','UK','London',2),('Mile High Photos','USA','Denver',3),('Professional Photographers 1','UK','Cardiff',4),('Professional Photographers 2','UK','Bristol',5),('Happy Pictures','USA','Columbus',6),('Chelsea Photos','USA','New York',7),('Southern Beauty','USA','Atlanta',8),('Best Pictures','UK','Birmingham',9),('Pro Cameras','UK','Manchester',10),('Loch Pictures','UK','Inverness',11),('Natural Eye','USA','Boulder',12),('High Tech Cameras','USA','San Jose',13),('Online','Online','Online',14);
/*!40000 ALTER TABLE `store` ENABLE KEYS */;
UNLOCK TABLES;
/*!40103 SET TIME_ZONE=@OLD_TIME_ZONE */;

/*!40101 SET SQL_MODE=@OLD_SQL_MODE */;
/*!40014 SET FOREIGN_KEY_CHECKS=@OLD_FOREIGN_KEY_CHECKS */;
/*!40014 SET UNIQUE_CHECKS=@OLD_UNIQUE_CHECKS */;
/*!40101 SET CHARACTER_SET_CLIENT=@OLD_CHARACTER_SET_CLIENT */;
/*!40101 SET CHARACTER_SET_RESULTS=@OLD_CHARACTER_SET_RESULTS */;
/*!40101 SET COLLATION_CONNECTION=@OLD_COLLATION_CONNECTION */;
/*!40111 SET SQL_NOTES=@OLD_SQL_NOTES */;

-- Dump completed on 2018-05-30 22:14:05
