CREATE DATABASE  IF NOT EXISTS `sls_raw` /*!40100 DEFAULT CHARACTER SET latin1 */;
USE `sls_raw`;
-- MySQL dump 10.13  Distrib 5.7.17, for Win64 (x86_64)
--
-- Host: localhost    Database: sls_raw
-- ------------------------------------------------------
-- Server version	5.7.22-log

/*!40101 SET @OLD_CHARACTER_SET_CLIENT=@@CHARACTER_SET_CLIENT */;
/*!40101 SET @OLD_CHARACTER_SET_RESULTS=@@CHARACTER_SET_RESULTS */;
/*!40101 SET @OLD_COLLATION_CONNECTION=@@COLLATION_CONNECTION */;
/*!40101 SET NAMES utf8 */;
/*!40103 SET @OLD_TIME_ZONE=@@TIME_ZONE */;
/*!40103 SET TIME_ZONE='+00:00' */;
/*!40014 SET @OLD_UNIQUE_CHECKS=@@UNIQUE_CHECKS, UNIQUE_CHECKS=0 */;
/*!40014 SET @OLD_FOREIGN_KEY_CHECKS=@@FOREIGN_KEY_CHECKS, FOREIGN_KEY_CHECKS=0 */;
/*!40101 SET @OLD_SQL_MODE=@@SQL_MODE, SQL_MODE='NO_AUTO_VALUE_ON_ZERO' */;
/*!40111 SET @OLD_SQL_NOTES=@@SQL_NOTES, SQL_NOTES=0 */;

--
-- Table structure for table `customer`
--

DROP TABLE IF EXISTS `customer`;
/*!40101 SET @saved_cs_client     = @@character_set_client */;
/*!40101 SET character_set_client = utf8 */;
CREATE TABLE `customer` (
  `customer_id` bigint(20) NOT NULL AUTO_INCREMENT,
  `name` varchar(45) NOT NULL,
  `address` varchar(255) DEFAULT NULL,
  `city` varchar(45) DEFAULT NULL,
  `country` varchar(45) DEFAULT NULL,
  `last_updated` date DEFAULT NULL,
  PRIMARY KEY (`customer_id`)
) ENGINE=InnoDB AUTO_INCREMENT=23 DEFAULT CHARSET=latin1;
/*!40101 SET character_set_client = @saved_cs_client */;

--
-- Dumping data for table `customer`
--

LOCK TABLES `customer` WRITE;
/*!40000 ALTER TABLE `customer` DISABLE KEYS */;
INSERT INTO `customer` VALUES (12,'Mr Paul Summers','1 Kensington High Street','London','UK','2017-02-01'),(13,'Mrs Susi Redcliff','Flat 3, 32 Blueberry Road','Cardiff','UK','2017-02-02'),(14,'Mr Paul Cliff','23 Grand Drive','Brighton','UK','2017-02-02'),(15,'Mr Tony Simmers','34 Summer Avenue','Bristol','UK','2017-02-03'),(16,'Mrs Clair Lennox','Flat 2, Winter Mansion, Blue Drive','London','UK','2017-02-04'),(17,'Mr Diego Sanchez','1B Oxford Road','London','UK','2017-02-04'),(18,'Mr Martin Laubbaum','11A William Estate','York','UK','2017-02-05'),(19,'Mr Tony Hiller','45 Cumberland Road','London','UK','2017-02-06'),(20,'Mr Sam Barber','22 Yorkshire Drive','York','UK','2017-02-07'),(21,'Mrs Susan North','45 Long Avenue','Bristol','UK','2017-02-08'),(22,'Mrs Lindsay Cross','65B Morton Drive','London','UK','2017-02-09');
/*!40000 ALTER TABLE `customer` ENABLE KEYS */;
UNLOCK TABLES;

--
-- Table structure for table `lens`
--

DROP TABLE IF EXISTS `lens`;
/*!40101 SET @saved_cs_client     = @@character_set_client */;
/*!40101 SET character_set_client = utf8 */;
CREATE TABLE `lens` (
  `lens_id` bigint(20) NOT NULL AUTO_INCREMENT,
  `name` varchar(120) NOT NULL,
  `year` int(10) DEFAULT NULL,
  `lens_category_id` bigint(20) NOT NULL,
  `focal_length_min` int(10) DEFAULT NULL,
  `focal_length_max` int(10) DEFAULT NULL,
  `aperture_max` double DEFAULT NULL,
  `aperture_min` double DEFAULT NULL,
  `focusing_distance_min` int(10) DEFAULT NULL,
  `filter_size` int(10) DEFAULT NULL,
  PRIMARY KEY (`lens_id`),
  KEY `idx_lens_category` (`lens_category_id`),
  CONSTRAINT `fk_lens_category` FOREIGN KEY (`lens_category_id`) REFERENCES `lens_category` (`lens_category_id`) ON DELETE NO ACTION ON UPDATE NO ACTION
) ENGINE=InnoDB AUTO_INCREMENT=913 DEFAULT CHARSET=latin1;
/*!40101 SET character_set_client = @saved_cs_client */;

--
-- Dumping data for table `lens`
--

LOCK TABLES `lens` WRITE;
/*!40000 ALTER TABLE `lens` DISABLE KEYS */;
INSERT INTO `lens` VALUES (457,'Makinon 135mm f/2.8',NULL,10,135,NULL,2.8,NULL,NULL,NULL),(458,'Robotar 28mm f/2.8',NULL,17,28,28,2.8,2.8,NULL,NULL),(459,'Vega-1 50mm f/2.8',NULL,10,50,NULL,2.8,NULL,NULL,NULL),(460,'Auto Reflecta 55mm f/1.8',NULL,10,55,NULL,1.8,NULL,NULL,NULL),(461,'Maginon 70-210mm f/4.5-5.6',NULL,10,70,210,4.5,5.6,NULL,NULL),(462,'Accura Diamatic 135mm f/2.8',NULL,10,135,NULL,2.8,NULL,NULL,NULL),(463,'KMZ or BeLOMO MIR-1 37mm f/2.8-16.0',NULL,17,37,37,2.8,16,70,49),(464,'Albinar',NULL,10,NULL,NULL,NULL,NULL,NULL,NULL),(465,'Albinar Super 85-205mm f/3.8',NULL,18,85,205,3.8,3.8,NULL,NULL),(466,'Albinar MC TeLe 135mm f/2.8',NULL,13,135,135,2.8,2.8,NULL,NULL),(467,'Asahi Optical Co.',NULL,10,NULL,NULL,NULL,NULL,NULL,NULL),(468,'Asahi Optical Co. Super-Multi-Coated Takumar 24mm f/3.5-16.0',1973,16,24,24,3.5,16,25,58),(469,'Asahi Optical Co. Super-Multi-Coated Takumar 20mm f/4.5-16.0',1970,16,20,20,4.5,16,20,77),(470,'Asahi Optical Co. Super-Multi-Coated Takumar 15mm f/3.5-22.0',1974,16,15,15,3.5,22,0,NULL),(471,'Asahi Optical Co. Fisheye-Takumar 18mm f/11.0-32.0',1963,16,18,18,11,32,0,NULL),(472,'Asahi Optical Co. Super Fisheye 17mm f/4.0-22.0',1968,16,17,17,4,22,20,NULL),(473,'Asahi Optical Co. Super-Multi-Coated Takumar 28mm f/3.5-16.0',1971,17,28,28,3.5,16,40,49),(474,'Asahi Optical Co. Super 35mm f/3.5-16.0',1964,17,35,35,3.5,16,45,49),(475,'Asahi Optical Co. Super-Multi-Coated 35mm f/3.5-16.0',1971,17,35,35,3.5,16,45,49),(476,'Asahi Optical Co. Auto-Takumar 35mm f/2.3-22.0',1958,17,35,35,2.3,22,45,62),(477,'Asahi Optical Co. Auto-Takumar 35mm f/3.5-22.0',1959,17,35,35,3.5,22,45,46),(478,'Asahi Optical Co. Super-Takumar 24mm f/3.5-16.0',1969,16,24,24,3.5,16,25,58),(479,'Asahi Optical Co. Takumar 35mm f/4.0-22.0',1957,17,35,35,4,22,45,46),(480,'Asahi Optical Co. Super Takumar 50mm f/1.4-16.0',1965,14,50,50,1.4,16,45,49),(481,'Asahi Optical Co. Super Takumar 50mm f/1.4-16.0',1964,14,50,50,1.4,16,45,49),(482,'Asahi Optical Co. Super-Multi-Coated 50mm f/1.4-16.0',1971,14,50,50,1.4,16,45,49),(483,'Asahi Optical Co. Takumar 50mm f/3.5-22.0',NULL,14,50,50,3.5,22,45,46),(484,'Asahi Optical Co. Macro Takumar 50mm f/4.0-22.0',1964,12,50,50,4,22,20,49),(485,'Asahi Optical Co. Super Macro Takumar 50mm f/4.0-22.0',1969,12,50,50,4,22,23,49),(486,'Asahi Optical Co. Super-Multi-Coated Macro 50mm f/4.0-22.0',1971,12,50,50,4,22,23,49),(487,'Asahi Optical Co. Auto-Takumar 55mm f/1.8-16.0',1960,14,55,55,1.8,16,45,49),(488,'Asahi Optical Co. Super 55mm f/1.8-16.0',1962,14,55,55,1.8,16,45,49),(489,'Asahi Optical Co. Super-Multi-Coated 55mm f/1.8-16.0',1971,14,55,55,1.8,16,45,49),(490,'Asahi Optical Co. SMC Takumar 55mm f/2.0-16.0',NULL,14,55,55,2,16,45,49),(491,'Asahi Optical Co. Super Takumar 28mm f/3.5-22.0',1962,17,28,28,3.5,22,40,58),(492,'Asahi Optical Co. Super 35mm f/2.0-16.0',1966,17,35,35,2,16,45,70),(493,'Asahi Optical Co. Super-Multi-Coated Takumar 35mm f/2.0-16.0',1972,17,35,35,2,16,40,49),(494,'Asahi Optical Co. Auto-Takumar 55mm f/1.8-22.0',1958,14,55,55,1.8,22,55,46),(495,'Asahi Optical Co. Takumar 55mm f/1.8-22.0',1958,14,55,55,1.8,22,55,46),(496,'Asahi Optical Co. Auto-Takumar 55mm f/2.0-22.0',1959,14,55,55,2,22,55,46),(497,'Asahi Optical Co. Auto-Takumar 55mm f/2.2-22.0',1961,14,55,55,2.2,22,55,46),(498,'Asahi Optical Co. Takumar 55mm f/2.2-22.0',1957,14,55,55,2.2,22,55,46),(499,'Asahi Optical Co. Takumar 58mm f/2.0-22.0',1957,14,58,58,2,22,60,46),(500,'Asahi Optical Co. Takumar 58mm f/2.4-22.0',1957,14,58,58,2.4,22,60,46),(501,'Asahi Optical Co. Super-Multi-Coated Zoom 70-150mm f/4.5-22.0',1966,18,70,150,4.5,22,350,67),(502,'Asahi Optical Co. Super-Zoom 70-150mm f/4.5-22.0',1964,18,70,150,4.5,22,350,67),(503,'Asahi Optical Co. Takumar 83mm f/1.9-22.0',1957,15,83,83,1.9,22,110,49),(504,'Asahi Optical Co. Auto-Takumar 85mm f/1.8-16.0',1960,15,85,85,1.8,16,85,55),(505,'Asahi Optical Co. Super-Multi-Coated 85mm f/1.8-16.0',1972,15,85,85,1.8,16,85,58),(506,'Asahi Optical Co. Super-Multi-Coated Takumar 85mm f/1.8-16.0',1973,15,85,85,1.8,16,85,58),(507,'Asahi Optical Co. Super-Takumar 85mm f/1.9-16.0',NULL,15,85,85,1.9,16,NULL,NULL),(508,'Asahi Optical Co. Macro Takumar 85mm f/3.5-22.0',NULL,12,85,85,3.5,22,NULL,NULL),(509,'Asahi Optical Co. Super-Multi-Coated Zoom 85-210mm f/4.5-22.0',1971,18,85,210,4.5,22,350,58),(510,'Asahi Optical Co. Takumar 100mm f/2.0-22.0',1964,15,100,100,2,22,100,58),(511,'Asahi Optical Co. Takumar 100mm f/3.5-22.0',1957,15,100,100,3.5,22,120,46),(512,'Asahi Optical Co. Bellows Takumar 100mm f/4.0-22.0',1966,12,100,100,4,22,NULL,49),(513,'Asahi Optical Co. Super-Multi-Coated Bellows-Takumar 100mm f/4.0-22.0',1971,12,100,100,4,22,NULL,49),(514,'Asahi Optical Co. Super-Multi-Coated Macro 100mm f/4.0-22.0',1975,12,100,100,4,22,45,49),(515,'Asahi Optical Co. Auto-Takumar 105mm f/2.8-22.0',1959,15,105,105,2.8,22,120,49),(516,'Asahi Optical Co. Super-Multi-Coated 105mm f/2.8-22.0',1971,15,105,105,2.8,22,120,49),(517,'Asahi Optical Co. Super-Takumar 105mm f/2.8-22.0',1963,15,105,105,2.8,22,120,49),(518,'Asahi Optical Co. Takumar 105mm f/2.8-22.0',1958,15,105,105,2.8,22,120,46),(519,'Asahi Optical Co. Super-Multi-Coated Index 108mm f/2.8',NULL,15,108,NULL,2.8,NULL,NULL,NULL),(520,'Asahi Optical Co. Super-Multi-Coated 120mm f/2.8-22.0',1973,15,120,120,2.8,22,120,49),(521,'Asahi Optical Co. Super 135mm f/2.5-22.0',1973,13,135,135,2.5,22,2,58),(522,'Asahi Optical Co. Super-Multi-Coated 135mm f/2.5-22.0',1971,13,135,135,2.5,22,115,58),(523,'Asahi Optical Co. Auto-Takumar 135mm f/3.5-22.0',1960,13,135,135,3.5,22,180,49),(524,'Asahi Optical Co. Super-Multi-Coated 135mm f/3.5-22.0',1971,13,135,135,3.5,22,150,49),(525,'Asahi Optical Co. Super-Takumar 135mm f/3.5-22.0',1966,13,135,135,3.5,22,150,49),(526,'Asahi Optical Co. Takumar Model 1 135mm f/3.5-22.0',1957,13,135,135,3.5,22,200,46),(527,'Asahi Optical Co. Super 150mm f/4.0-22.0',1968,13,150,150,4,22,180,49),(528,'Asahi Optical Co. Super-Multi-Coated 150mm f/4.0-22.0',1971,13,150,150,4,22,180,49),(529,'Asahi Optical Co. Takumar 200mm f/3.5-22.0',1962,11,200,200,3.5,22,250,67),(530,'Asahi Optical Co. Super 200mm f/4.0-22.0',1968,11,200,200,4,22,250,58),(531,'Asahi Optical Co. Super-Multi-Coated 200mm f/4.0-22.0',1971,11,200,200,4,22,250,58),(532,'Asahi Optical Co. Tele-Takumar 200mm f/5.6-22.0',1958,11,200,200,5.6,22,250,49),(533,'Asahi Optical Co. Super 300mm f/4.0-22.0',1969,11,300,300,4,22,550,77),(534,'Asahi Optical Co. Super-Multi-Coated 300mm f/4.0-22.0',1972,11,300,300,4,22,550,77),(535,'Asahi Optical Co. Takumar 300mm f/4.0-22.0',1958,11,300,300,4,22,550,82),(536,'Asahi Optical Co. Tele-Takumar 300mm f/6.3-22.0',1962,11,300,300,6.3,22,550,58),(537,'Asahi Optical Co. Tele-Takumar / Super Multi-Coated Takumar 400mm f/5.6-45.0',1965,11,400,400,5.6,45,800,77),(538,'Asahi Optical Co. Takumar 500mm f/5.0-22.0',1957,11,500,500,5,22,1000,46),(539,'Asahi Optical Co. Super-Multi-Coated 500mm f/4.5-45.0',1971,11,500,500,4.5,45,1000,49),(540,'Asahi Optical Co. Takumar 500mm f/4.5-45.0',1965,11,500,500,4.5,45,1000,49),(541,'Asahi Optical Co. Takumar 1000mm f/8.0-22.0',1961,11,1000,1000,8,22,3000,49),(542,'Asahi Optical Co. Super Multi-Coated Takumar 1000mm f/8.0-45.0',1971,11,1000,1000,8,45,3000,49),(543,'Belarusian Optical and Mechanical Association / BelOMA MS Peleng 3.5/8A 8mm f/3.5-16.0',NULL,16,8,8,3.5,16,30,NULL),(544,'Belarusian Optical and Mechanical Association / BelOMA MS Peleng 2.8X17 17mm f/2.8-16.0',NULL,16,17,17,2.8,16,30,NULL),(545,'Beroflex Super wide 12mm f/8.0-16.0',NULL,16,12,12,8,16,NULL,NULL),(546,'Beroflex – 28mm f/2.8',NULL,17,28,28,2.8,2.8,NULL,NULL),(547,'Beroflex MC Auto-Beroflex 28mm f/2.8-16.0',NULL,17,28,28,2.8,16,30,52),(548,'Beroflex Beroflex Auto 28mm f/2.8-22.0',NULL,17,28,28,2.8,22,40,62),(549,'Beroflex Auto-Beroflex-Ultra 55mm f/1.4-16.0',NULL,14,55,55,1.4,16,50,55),(550,'Beroflex Zoom 75-235mm f/4.5',NULL,18,75,235,4.5,4.5,NULL,NULL),(551,'Beroflex Auto 135mm f/3.5',NULL,13,135,135,3.5,3.5,NULL,NULL),(552,'Beroflex MC Auto-Beroflex 135mm f/2.8-16.0',NULL,15,135,135,2.8,16,150,55),(553,'Beroflex Beroflex Auto 200mm f/3.5-22.0',NULL,13,200,200,3.5,22,350,62),(554,'Beroflex Beroflex 12?? 200mm f/4.5-22.0',NULL,13,200,200,4.5,22,300,52),(555,'Beroflex 500mm f/8.0',NULL,10,500,NULL,8,NULL,NULL,NULL),(556,'Carena Super Carenar 55mm f/1.4-16.0',NULL,14,55,55,1.4,16,50,55),(557,'Carenar Super Carenar 28mm f/2.8-22.0',NULL,17,28,28,2.8,22,NULL,NULL),(558,'Carl Zeiss Distagon 25mm f/4.0',NULL,16,25,25,4,4,NULL,NULL),(559,'Carl Zeiss / Cosina Distagon T* 25/2.8 ZS 25mm f/2.8-22.0',2006,17,25,25,2.8,22,17,58),(560,'Carl Zeiss / Cosina Distagon T* 35/2.0 ZS 35mm f/2.0-22.0',2006,17,35,35,2,22,30,58),(561,'Carl Zeiss / Cosina Planar T* 1.4/50 ZS 50mm f/1.4-16.0',2006,14,50,50,1.4,16,45,58),(562,'Carl Zeiss Jena Flektogon 20mm f/2.8-22.0',1975,16,20,20,2.8,22,19,67),(563,'Carl Zeiss Jena Flektogon 20mm f/4.0-22.0',NULL,16,20,20,4,22,16,77),(564,'Carl Zeiss Jena Flektogon 25mm f/4.0-22.0',NULL,16,25,25,4,22,18,77),(565,'Carl Zeiss Jena Flektogon 35mm f/2.8-16.0',1951,17,35,35,2.8,16,18,49),(566,'Carl Zeiss Jena Flektogon 35mm f/2.4-22.0',NULL,17,35,35,2.4,22,19,49),(567,'Carl Zeiss Jena Vario-Pancolar 35-70mm f/2.7-22.0',NULL,18,35,70,2.7,22,80,58),(568,'Carl Zeiss Jena Tessar 40mm f/4.5-16.0',1950,17,40,40,4.5,16,40,49),(569,'Carl Zeiss Jena Pancolar 50mm f/1.8-16.0',NULL,14,50,50,1.8,16,NULL,49),(570,'Carl Zeiss Jena Pancolar 50mm f/2.0-16.0',NULL,14,50,50,2,16,50,49),(571,'Carl Zeiss Jena Tessar 50mm f/3.5-16.0',1949,14,50,50,3.5,16,NULL,30),(572,'Carl Zeiss Jena Flexon 50mm f/2.0-22.0',1953,14,50,50,2,22,50,49),(573,'Carl Zeiss Jena Tessar 50mm f/2.8-22.0',1950,14,50,50,2.8,22,58,49),(574,'Carl Zeiss Jena Pancolar 55mm f/1.4-16.0',1968,14,55,55,1.4,16,39,58),(575,'Carl Zeiss Jena Macro Pancolar 55mm f/2.8-22.0',1983,12,55,55,2.8,22,25,49),(576,'Carl Zeiss Jena Biotar 58mm f/2.0-16.0',1950,14,58,58,2,16,50,49),(577,'Carl Zeiss Jena Biotar 75mm f/1.5',1951,15,75,75,1.5,1.5,80,58),(578,'Carl Zeiss Jena Pancolar 75mm f/1.4-22.0',196,15,75,75,1.4,22,NULL,77),(579,'Carl Zeiss Jena Pancolar 80mm f/1.8-16.0',NULL,15,80,80,1.8,16,83,58),(580,'Carl Zeiss Jena Biometar 80mm f/2.8-22.0',NULL,15,80,80,2.8,22,80,49),(581,'Carl Zeiss Jena Sonnar 135mm f/3.5-22.0',NULL,15,135,135,3.5,22,100,49),(582,'Carl Zeiss Jena Sonnar 135mm f/4.0-22.0',NULL,15,135,135,4,22,120,NULL),(583,'Carl Zeiss Jena Triotar 135mm f/4.0-22.0',1949,15,135,135,4,22,120,49),(584,'Carl Zeiss Jena Sonnar 180mm f/2.8-22.0',NULL,13,180,180,2.8,22,170,86),(585,'Carl Zeiss Jena Sonnar 200mm f/2.8-22.0',NULL,13,200,200,2.8,22,220,77),(586,'Carl Zeiss Jena Sonnar 300mm f/4.0',NULL,11,300,300,4,4,NULL,NULL),(587,'Carl Zeiss Jena Spiegelobjektiv 500mm f/4.0',1959,11,500,500,4,4,NULL,NULL),(588,'Carl Zeiss Jena Fernobjektiv 500mm f/8.0-45.0',NULL,11,500,500,8,45,600,77),(589,'Carl Zeiss Jena Spiegelobjektiv / Prakticar 1000mm f/5.6',1960,11,1000,1000,5.6,5.6,1600,NULL),(590,'Chinon Auto Chinon 28mm f/2.8-22.0',NULL,17,28,28,2.8,22,35,49),(591,'Chinon Auto Chinon 35mm f/2.8-22.0',NULL,17,35,35,2.8,22,50,49),(592,'Chinon Auto Chinon 55mm f/1.4-16.0',NULL,14,55,55,1.4,16,50,55),(593,'Chinon Auto Chinon 55mm f/1.4-16.0',NULL,14,55,55,1.4,16,50,55),(594,'Computar Computar 35mm f/2.8-16.0',NULL,17,35,35,2.8,16,60,49),(595,'Cosina Zoom 19-35mm f/3.5-22.0',NULL,18,19,35,3.5,22,50,77),(596,'Cosina – 24mm f/2.8-22.0',NULL,17,24,24,2.8,22,19,52),(597,'Cosina Zoom 28-210mm f/3.5-22.0',NULL,18,28,210,3.5,22,190,72),(598,'Cosina Cosinon auto 55mm f/1.4-16.0',NULL,14,55,55,1.4,16,50,55),(599,'Cosina / Voigtlander Ultron SL Aspherical 40mm f/2.0-16.0',NULL,14,40,40,2,16,40,52),(600,'Cosina / Voigtlander Color-Heliar SL 75mm f/2.5-22.0',NULL,15,75,75,2.5,22,70,49),(601,'Cosina / Voigtlander APO-Lanthar SL Close Focus 90mm f/3.5-22.0',NULL,15,90,90,3.5,22,50,49),(602,'Cosina / Voigtlander Macro APO-Lanthar SL 125mm f/2.5-22.0',NULL,12,125,125,2.5,22,38,58),(603,'Cosina / Voigtlander APO-Lanthar SL Close Focus 180mm f/4.0-22.0',NULL,13,180,180,4,22,120,49),(604,'E. Ludwig Meritar 50mm f/2.9-22.0',NULL,14,50,50,2.9,22,60,NULL),(605,'Edixa Westromat 50mm 1.9',NULL,14,50,50,1.9,NULL,NULL,NULL),(606,'Enna Ennalyt 28mm f/3.5',NULL,17,28,28,3.5,3.5,NULL,NULL),(607,'Enna Lithagon 28mm f/3.5',NULL,17,28,28,3.5,3.5,NULL,NULL),(608,'Enna Zoom 85-250mm f/4.0-22.0',NULL,18,85,250,4,22,NULL,NULL),(609,'Enna Tele Ennalyt 240mm f/4.5-22.0',NULL,13,240,240,4.5,22,400,NULL),(610,'Enna Tele-Ennalyt 400mm f4.5 400mm f/4.5-32.0',NULL,13,400,400,4.5,32,NULL,95),(611,'Enna Manchen Macro-Revuenon 28mm f/3.5-16.0',NULL,17,28,28,3.5,16,20,52),(612,'Enna Manchen Lithagon 35mm f/3.5-22.0',NULL,17,35,35,3.5,22,50,52),(613,'ENNA Manchen Ennalyt 50mm f/1.9-22.0',NULL,14,50,50,1.9,22,38,52),(614,'Exakta Macro 70-210mm f/4.5-5.6',NULL,12,70,210,4.5,5.6,NULL,NULL),(615,'Eyemik Auto Wide 35mm f/2.8-22.0',NULL,17,35,35,2.8,22,50,52),(616,'Feinmess Bonotar 105mm f/4.5-22.0',NULL,13,105,105,4.5,22,NULL,40),(617,'Fujifilm EBC Fujinon F 16mm f/2.8-22.0',NULL,10,16,16,2.8,22,25,NULL),(618,'Fujifilm EBC Fujinon F 19mm f/3.5-22.0',NULL,17,19,19,3.5,22,NULL,77),(619,'Fujifilm EBC Fujinon W 28mm f/3.5-16.0',NULL,17,28,28,3.5,16,40,49),(620,'Fujifilm EBC Fujinon W 35mm f/1.9-16.0',NULL,17,35,35,1.9,16,40,49),(621,'Fujifilm EBC Fujinon W 35mm f/2.8-16.0',NULL,17,35,35,2.8,16,40,49),(622,'Fujifilm EBC Fujinon 50mm f/1.4-16.0',NULL,14,50,50,1.4,16,45,49),(623,'Fujifilm Fujinon 50mm f/1.4-16.0',NULL,14,50,50,1.4,16,45,49),(624,'Fujifilm EBC Fujinon Z 54-270mm f/4.5-22.0',NULL,18,54,270,4.5,22,250,62),(625,'Fujifilm Fujinon 55mm f/1.8-16.0',NULL,14,55,55,1.8,16,45,49),(626,'Fujifilm EBC Fujinon Macro 55mm f/3.5-32.0',NULL,12,55,55,3.5,32,24,49),(627,'Fujifilm EBC Fujinon Z 75-150mm f/4.5-22.0',NULL,18,75,150,4.5,22,180,62),(628,'Fujifilm EBC Fujinon Z 75-205mm f/3.8-22.0',NULL,18,75,205,3.8,22,200,62),(629,'Fujifilm EBC Fujinon SF 85mm f/4.0-16.0',NULL,15,85,85,4,16,100,NULL),(630,'Fujifilm EBC Fujinon T 100mm f/2.8-22.0',NULL,15,100,100,2.8,22,120,49),(631,'Fujifilm EBC Fujinon T 135mm f/3.5-22.0',NULL,13,135,135,3.5,22,150,49),(632,'Fujifilm EBC Fujinon T 200mm f/4.5-22.0',NULL,13,200,200,4.5,22,250,49),(633,'Fujifilm EBC Fujinon T 400mm f/4.5-45.0',NULL,11,400,400,4.5,45,800,NULL),(634,'Fujifilm EBC Fujinon T 600mm f/5.6-45.0',NULL,11,600,600,5.6,45,1250,NULL),(635,'Fujifilm EBC Fujinon T 1000mm f/8.0-45.0',NULL,11,1000,1000,8,45,3000,NULL),(636,'Hanimex Hanimar Automatic 28mm f/2.8-22.0',NULL,16,28,28,2.8,22,40,62),(637,'Hanimex Hanimex Automatic 35mm f/2.8-22.0',NULL,17,35,35,2.8,22,50,55),(638,'Hanimex Automatic Zoom C-Macro 35-70mm f/-1.0-22.0',NULL,18,35,70,-1,22,50,55),(639,'Hanimex Hanimar 135mm f/3.5',NULL,13,135,135,3.5,3.5,NULL,NULL),(640,'Hanimex Hanimar auto “s” 135mm f/2.8-22.0',NULL,13,135,135,2.8,22,200,58),(641,'Hanimex Hanimex Automatic 135mm f/2.8-22.0',NULL,13,135,135,2.8,22,150,55),(642,'Hanimex Hanimar Automatic 200mm f/3.5-22.0',NULL,13,200,200,3.5,22,270,62),(643,'Hanimex Hanimar 400mm f/6.3',NULL,11,400,400,6.3,6.3,NULL,NULL),(644,'Hanza Auto Zoom 85-205mm f/3.8',NULL,18,85,205,3.8,3.8,NULL,NULL),(645,'Hanza 200 200mm f/3.9-32.0',NULL,13,200,200,3.9,32,250,NULL),(646,'Helios 44 58mm f/2.0-16.0',NULL,14,58,58,2,16,NULL,NULL),(647,'Helios 40 85mm f/1.5-22.0',NULL,15,85,85,1.5,22,80,66),(648,'Helios 40-2 85mm f/1.5-22.0',NULL,15,85,85,1.5,22,80,67),(649,'Helios Macro 85-210mm f/3.8-22.0',NULL,18,85,210,3.8,22,170,62),(650,'Isco-Gattingen Westron 35mm f/2.8-16.0',NULL,17,35,35,2.8,16,30,49),(651,'Isco-Gattingen Edixa-Westanar 50mm f/2.8-16.0',NULL,14,50,50,2.8,16,75,41),(652,'Isco-Gattingen Iscotar 50mm f/2.8-16.0',NULL,14,50,50,2.8,16,80,49),(653,'ISCO-Gattingen Westanar 50mm f/2.8-16.0',NULL,14,50,50,2.8,16,100,40),(654,'ISCO-Gattingen Westanar 50mm f/3.5-16.0',NULL,14,50,50,3.5,16,100,40),(655,'Isco-Gattingen Edixa ISCO-MAT 50mm f/1.9-22.0',NULL,10,50,50,1.9,22,50,49),(656,'Isco-Gattingen Edixa Westromat 50mm f/1.9-22.0',NULL,14,50,50,1.9,22,50,49),(657,'Isco-Gattingen Westagon 50mm f/1.9-22.0',NULL,14,50,50,1.9,22,50,49),(658,'Isco-Gattingen Isconar 100mm f/4.5-22.0',NULL,15,100,100,4.5,22,150,41),(659,'Isco-Gattingen Tele Westanar 135mm f/3.5-22.0',NULL,15,135,135,3.5,22,250,NULL),(660,'Isco-Gattingen Isconar 135mm f/4.0-22.0',NULL,13,135,135,4,22,150,49),(661,'Japan Auto-Flex 50mm f/2.8-16.0',NULL,14,50,50,2.8,16,50,52),(662,'Jupiter 9 85mm f/2.0-16.0',NULL,15,85,85,2,16,80,49),(663,'Jupiter 11 135mm f/4.0',NULL,13,135,135,4,4,NULL,NULL),(664,'Jupiter 6 180mm f/2.8',NULL,13,180,180,2.8,2.8,NULL,77),(665,'Jupiter 21M 200mm f/4.0',NULL,11,200,200,4,4,2,NULL),(666,'Kenlock Kenlock automatic MC 24mm f/2.5-16.0',NULL,16,24,24,2.5,16,30,62),(667,'Kern Macro Switar 50mm f/1.9-16.0',NULL,14,50,50,1.9,16,27,NULL),(668,'Kilfitt Macro-Kilar 40mm f/2.8-22.0',NULL,12,40,40,2.8,22,NULL,NULL),(669,'Kilfitt Macro-Kilar 40mm f/3.5-22.0',NULL,12,40,40,3.5,22,NULL,NULL),(670,'Kilfitt Kilar 90mm f/2.5-22.0',NULL,15,90,90,2.5,22,NULL,NULL),(671,'Kilfitt Macro-Kilar 90mm f/2.8-32.0',NULL,12,90,90,2.8,32,NULL,NULL),(672,'Kilfitt Kilar 135mm f/3.8-22.0',NULL,15,135,135,3.8,22,NULL,40),(673,'Kilfitt Kilar 150mm f/3.5-22.0',NULL,13,150,150,3.5,22,NULL,52),(674,'Kilfitt Reflectar 250mm f/4.0',NULL,11,250,250,4,4,NULL,NULL),(675,'Kilfitt Sport Reflectar 500mm f/5.6',NULL,11,500,500,5.6,5.6,NULL,NULL),(676,'Kilfitt Sport Reflectar 1000mm f/8.0',NULL,10,1000,1000,8,8,NULL,NULL),(677,'Kiron Kiron 24mm f/2.0-16.0',NULL,17,24,24,2,16,30,55),(678,'Kiron Kiron 28mm f/2.0-16.0',NULL,17,28,28,2,16,30,55),(679,'Kiron Kiron 105mm f/2.8-32.0',NULL,12,105,105,2.8,32,35,52),(680,'KMZ Industar-61 L/Z 50mm f/2.8-16.0',NULL,14,50,50,2.8,16,28,49),(681,'KMZ Volna 9 50mm f/2.8-16.0',NULL,14,50,50,2.8,16,23,52),(682,'KMZ Industar-50-2 50mm f/3.5-16.0',NULL,14,50,50,3.5,16,1,36),(683,'KMZ Tair-3 300mm f/4.5-22.0',NULL,11,300,300,4.5,22,300,72),(684,'KMZ or BeLOMO or Lytkarino Helios 44-2 58mm f/2.0-16.0',NULL,14,58,58,2,16,50,49),(685,'KMZ/BeLOMO Helios-44-M 58mm f/2.0-16.0',NULL,14,58,58,2,16,NULL,52),(686,'Komura Komura 85mm f/1.4-16.0',NULL,15,85,85,1.4,16,100,67),(687,'Korea Praktica 135mm f/2.8-22.0',NULL,13,135,135,2.8,22,NULL,52),(688,'Luxon MC Auto Zoom 28-70mm f/3.5-22.0',NULL,18,28,70,3.5,22,80,58),(689,'Mamiya Auto Mamiya/Sekor SX 21mm f/4.0-16.0',NULL,17,21,21,4,16,45,49),(690,'Mamiya Auto Mamiya / Sekor 28mm f/2.8-16.0',NULL,17,28,28,2.8,16,30,58),(691,'Mamiya Auto Mamiya / Sekor 35mm f/2.8-16.0',NULL,17,35,35,2.8,16,40,49),(692,'Mamiya Auto Mamiya / Sekor 50mm f/2.0-16.0',NULL,14,50,50,2,16,50,52),(693,'Mamiya Auto Mamiya/Sekor 55mm f/1.4-16.0',NULL,14,55,55,1.4,16,55,55),(694,'Mamiya Auto Mamiya/Sekor SX 55mm f/1.4-16.0',NULL,14,55,55,1.4,16,45,NULL),(695,'Mamiya Auto Mamiya / Sekor 55mm f/1.8-16.0',NULL,14,55,55,1.8,16,50,52),(696,'Mamiya Auto Mamiya / Sekor 55mm f/2.0-16.0',NULL,14,55,55,2,16,50,52),(697,'Mamiya Auto Mamiya / Sekor 135mm f/2.8-22.0',NULL,15,135,135,2.8,22,150,55),(698,'Mamiya Auto Mamiya / Sekor 135mm f/3.5-22.0',NULL,15,135,135,3.5,22,180,49),(699,'Mamiya Auto Mamiya / Sekor 200mm f/3.5-22.0',NULL,13,200,200,3.5,22,300,67),(700,'Meyer Orestegor / Pentacon 300mm f/4.0-22.0',NULL,11,300,300,4,22,NULL,NULL),(701,'Meyer Telemegor 300mm f/4.5',NULL,11,300,300,4.5,4.5,NULL,NULL),(702,'Meyer Telemegor 250mm f/5.5',NULL,11,250,250,5.5,5.5,NULL,NULL),(703,'Meyer Orestegor 200mm f/4.0-22.0',NULL,11,200,200,4,22,250,NULL),(704,'Meyer Telemegor 180mm f/5.5',NULL,13,180,180,5.5,5.5,NULL,NULL),(705,'Meyer Primotar 180mm f/3.5',NULL,10,180,NULL,3.5,NULL,NULL,NULL),(706,'Meyer Primoplan 75mm f/1.9',NULL,10,75,75,1.9,NULL,NULL,NULL),(707,'Meyer Orestor / Pentacon 135mm f/2.8-22.0',NULL,15,135,135,2.8,22,NULL,55),(708,'Meyer Primotar 135mm f/3.5',NULL,10,135,NULL,3.5,NULL,NULL,NULL),(709,'Meyer Trioplan 100mm f/2.8-22.0',NULL,15,100,100,2.8,22,120,49),(710,'Meyer Orestegor / Pentacon / Prakticar 500mm f/5.6',NULL,10,500,NULL,5.6,NULL,NULL,NULL),(711,'Meyer Orestor / Pentacon 100mm f/2.8',NULL,10,100,NULL,2.8,NULL,NULL,NULL),(712,'Meyer Telemegor 400mm f/5.5',NULL,11,400,400,5.5,5.5,NULL,NULL),(713,'Meyer Orestegon / Pentacon 29mm f/2.8-16.0',1970,17,29,29,2.8,16,25,55),(714,'Meyer Lydith / Pentacon 30mm f/3.5',1964,17,30,30,3.5,3.5,40,49),(715,'Meyer Primagon 35mm f/4.5',NULL,10,35,NULL,4.5,NULL,NULL,NULL),(716,'Meyer Helioplan / Wide-Angle Anastigmat 40mm f/4.5',NULL,10,40,NULL,4.5,NULL,NULL,NULL),(717,'Meyer Oreston / Pentacon 50mm f/1.4',NULL,10,50,NULL,1.4,NULL,NULL,NULL),(718,'Meyer Trioplan 50mm f/2.9',NULL,10,50,NULL,2.9,NULL,NULL,NULL),(719,'Meyer Primotar-E 50mm f/3.5',NULL,10,50,NULL,3.5,NULL,NULL,NULL),(720,'Meyer Oreston / Pentacon 50mm f/1.8-16.0',1965,14,50,50,1.8,16,33,49),(721,'Meyer Domiron 50mm f/2.0-16.0',1960,14,50,50,2,16,40,NULL),(722,'Meyer Domiplan 50mm f/2.8-16.0',1962,14,50,50,2.8,16,75,49),(723,'Meyer Domiplan 50mm f/2.8-22.0',NULL,14,50,50,2.8,22,75,49),(724,'Meyer Primotar 50mm f/2.8-32.0',1951,14,50,50,2.8,32,60,NULL),(725,'Meyer Primoplan 58mm f/1.9',1950,14,58,58,1.9,1.9,50,49),(726,'MIR 1B 37mm f/2.8-16.0',NULL,17,37,37,2.8,16,NULL,49),(727,'MIR 24M 35mm f/2.0',NULL,17,35,35,2,2,NULL,NULL),(728,'MIR 10A 28mm f/3.5-16.0',NULL,17,28,28,3.5,16,22,67),(729,'MIR 20M 20mm f/3.5-16.0',NULL,16,20,20,3.5,16,18,28),(730,'Mirage 135mm f2.8 Auto 135mm f/2.8-16.0',NULL,15,135,135,2.8,16,180,55),(731,'Montgomery Ward Auto Zoom 85-205mm f/3.8-22.0',NULL,18,85,205,3.8,22,200,58),(732,'Olympus G. Zuiko Auto-W 28mm f/3.5-16.0',NULL,17,28,28,3.5,16,25,49),(733,'Olympus G. Zuiko Auto-W 35mm f/2.8-16.0',NULL,17,35,35,2.8,16,NULL,49),(734,'Olympus G. Zuiko Auto-S 50mm f/1.4-16.0',NULL,14,50,50,1.4,16,NULL,NULL),(735,'Olympus F. Zuiko Auto-S 50mm f/1.8-16.0',NULL,14,50,50,1.8,16,40,49),(736,'Olympus E. Zuiko Auto-T 135mm f/3.5-22.0',NULL,15,135,135,3.5,22,NULL,NULL),(737,'Olympus E. Zuiko Auto-T 200mm f/4.0-22.0',NULL,11,200,200,4,22,NULL,58),(738,'Optomax 35mm f2.8 Auto 35mm f/2.8-22.0',NULL,17,35,35,2.8,22,50,55),(739,'P. Angenieux Type R 61 24mm f/3.5-22.0',NULL,17,24,24,3.5,22,NULL,NULL),(740,'P. Angenieux Type R 11 28mm f/3.5-22.0',NULL,17,28,28,3.5,22,NULL,NULL),(741,'P. Angenieux Type R 1 35mm f/2.5-22.0',NULL,17,35,35,2.5,22,NULL,NULL),(742,'P. Angenieux Type S 21 50mm f/1.5-22.0',NULL,14,50,50,1.5,22,NULL,NULL),(743,'P. Angenieux Type P 1 90mm f/1.8-22.0',NULL,15,90,90,1.8,22,NULL,NULL),(744,'P. Angenieux Type Y12 90mm f/2.5-22.0',NULL,15,90,90,2.5,22,NULL,NULL),(745,'P. Angenieux Type P 21 180mm f/4.5-22.0',NULL,13,180,180,4.5,22,NULL,NULL),(746,'Pentacon Multi Coating 29mm f/2.8-22.0',NULL,17,29,29,2.8,22,25,55),(747,'Pentacon Multi Coating 50mm f/1.8-16.0',NULL,14,50,50,1.8,16,33,49),(748,'Pentacon Electric 135mm f/2.8-22.0',NULL,13,135,135,2.8,22,170,55),(749,'Pentacon Pentacon auto MC 135mm f/2.8-22.0',NULL,15,135,135,2.8,22,170,NULL),(750,'Pentor – 35mm f/2.8-16.0',NULL,17,35,35,2.8,16,50,NULL),(751,'Pentor Auto 200mm f/3.5-22.0',NULL,11,200,200,3.5,22,260,62),(752,'Petri C.C. Auto 45mm f/2.8-16.0',NULL,10,45,45,2.8,16,NULL,52),(753,'Petri C.C. Auto 55mm f/1.8-16.0',NULL,14,55,55,1.8,16,60,52),(754,'Photax Zoom-Macro 37-105mm f/3.5-22.0',NULL,18,37,105,3.5,22,30,67),(755,'Piesker Voss 35mm f/2.8',NULL,17,35,35,2.8,2.8,NULL,NULL),(756,'Piesker Voss 100mm f/2.8-22.0',NULL,15,100,100,2.8,22,NULL,NULL),(757,'Piesker Kalimar 100mm f/3.5-22.0',NULL,12,100,100,3.5,22,NULL,NULL),(758,'Piesker Votar 135mm f/3.5-22.0',NULL,13,135,135,3.5,22,NULL,NULL),(759,'Piesker Tele-Votar 180mm f/5.5',NULL,13,180,180,5.5,5.5,NULL,NULL),(760,'Piesker Tele-Votar 250mm f/5.5',NULL,11,250,250,5.5,5.5,NULL,NULL),(761,'Porst Porst Super Weitwinkel 28mm f/2.8-22.0',NULL,16,28,28,2.8,22,40,62),(762,'Porst Super-WW-AS 28mm f/2.8-22.0',NULL,16,28,28,2.8,22,25,49),(763,'Porst 35mm f/2.8',NULL,10,35,NULL,2.8,NULL,NULL,NULL),(764,'Porst Weitwinkel 35mm f/2.8-22.0',NULL,17,35,35,2.8,22,50,55),(765,'Porst 50mm f/1.7',NULL,10,50,NULL,1.7,NULL,NULL,NULL),(766,'Porst Color Reflex Auto 50mm f/1.8',NULL,14,50,50,1.8,1.8,NULL,NULL),(767,'Porst Porst Color Reflex MC auto 50mm f/1.7-16.0',NULL,14,50,50,1.7,16,50,49),(768,'Porst Porst Color Reflex MC Auto 55mm f/1.4-16.0',NULL,14,55,55,1.4,16,50,55),(769,'Porst Porst Color Reflex auto 55mm f/2.8-22.0',NULL,14,55,55,2.8,22,90,49),(770,'Porst Porst Tele auto 100mm f/2.8-22.0',NULL,15,100,100,2.8,22,120,52),(771,'Porst Porst Tele auto D 135mm f/3.5-22.0',NULL,13,135,135,3.5,22,250,49),(772,'Porst 200mm f/3.5',NULL,10,200,NULL,3.5,NULL,NULL,NULL),(773,'Porst Super-Tele-AS 200mm f/3.5-22.0',NULL,13,200,200,3.5,22,300,58),(774,'Porst Super Tele auto 240mm f/4.5-22.0',NULL,13,240,240,4.5,22,400,52),(775,'Promatic Auto 300mm f/5.5',NULL,11,300,300,5.5,5.5,NULL,NULL),(776,'Ranger Wide Auto 35mm f/2.8-16.0',NULL,17,35,35,2.8,16,50,49),(777,'Ranger Auto Telephoto 135mm f/2.8-22.0',NULL,13,135,135,2.8,22,200,55),(778,'Raynox 200mm f/3.5',NULL,10,200,NULL,3.5,NULL,NULL,NULL),(779,'Reflecta Super Reflecta 55mm f/1.4-16.0',NULL,14,55,55,1.4,16,50,55),(780,'Reflexogon Reflexogon 28mm f/3.5-16.0',NULL,16,28,28,3.5,16,22,49),(781,'Revue Macro-Revuenon 28mm f/3.5-16.0',NULL,17,28,28,3.5,16,20,54),(782,'Revue Auto Revuenon 28mm f/2.8-22.0',NULL,16,28,28,2.8,22,36,52),(783,'Revue Revuenon 50mm f/1.8',NULL,14,50,50,1.8,1.8,NULL,NULL),(784,'Revue Tomioka Auto Revuenon 55mm f/1.2-16.0',NULL,14,55,55,1.2,16,50,55),(785,'Revue Auto Revuenon 55mm f/1.4-16.0',NULL,14,55,55,1.4,16,50,55),(786,'Revue Auto Revuenon 55mm f/1.4-16.0',NULL,14,55,55,1.4,16,50,55),(787,'Revue Auto Revuenon 55mm f/1.7-16.0',NULL,14,55,55,1.7,16,50,52),(788,'Revue Revuenon-zoom 70-220mm f/4.0-22.0',NULL,18,70,220,4,22,200,67),(789,'Revue Revuenon-Zoom 80-205mm f/3.9-22.0',NULL,18,80,205,3.9,22,200,58),(790,'Revue Auto Revuenon 135mm f/2.8-22.0',NULL,15,135,135,2.8,22,150,55),(791,'Revue Auto Revuenon 135mm f/2.8-22.0',NULL,15,135,135,2.8,22,150,52),(792,'Revue Auto Revuenon 135mm f/2.8-22.0',NULL,13,135,135,2.8,22,150,52),(793,'Revue Auto-Revuenon 200mm f/3.5-22.0',NULL,13,200,200,3.5,22,280,58),(794,'Revue Revuenon Mirror Lens 500mm f/8.0',NULL,11,500,500,8,8,400,77),(795,'Revuenon Auto Revuenon 35mm f/2.8-22.0',NULL,17,35,35,2.8,22,50,52),(796,'Revuenon Revuenon-Special 35mm f/2.8-22.0',NULL,17,35,35,2.8,22,50,52),(797,'Revuenon Auto Revuenon 50mm f/1.8-16.0',NULL,14,50,50,1.8,16,48,49),(798,'Revuenon Auto Revuenon 50mm f/2.0-16.0',NULL,14,50,50,2,16,50,52),(799,'Revuenon MC Revuenon 125mm f/2.8-16.0',NULL,13,125,125,2.8,16,143,52),(800,'Revuenon Revuenon-Special 135mm f/2.8-22.0',NULL,13,135,135,2.8,22,250,55),(801,'Rexatar Auto MC 135mm f/2.8-22.0',NULL,13,135,135,2.8,22,150,55),(802,'Riken Optical Corp Auto Rikenon 55mm f/1.4-16.0',NULL,17,55,55,1.4,16,50,55),(803,'Robotar Robotar 35mm f/2.8-22.0',NULL,17,35,35,2.8,22,50,55),(804,'Robotar Robotar 35mm f/2.8-22.0',NULL,17,35,35,2.8,22,50,55),(805,'Robotar Robotar 35mm f/2.8-22.0',35,17,35,35,2.8,22,40,49),(806,'Rodenstock Eurygon 30mm f/2.8-16.0',NULL,17,30,30,2.8,16,NULL,NULL),(807,'Rodenstock Eurygon 35mm f/4.0-16.0',NULL,17,35,35,4,16,NULL,NULL),(808,'Rodenstock Heligon 50mm f/2.0-16.0',NULL,14,50,50,2,16,NULL,NULL),(809,'Rollei / Voigtlander Color-Skoparex 25mm f/2.8-16.0',NULL,17,25,25,2.8,16,NULL,49),(810,'Rollei / Voigtlander Color-Skoparex 35mm f/2.8-16.0',NULL,17,35,35,2.8,16,NULL,49),(811,'Rollei / Voigtlander Color-Ultron 50mm f/1.8-16.0',NULL,14,50,50,1.8,16,NULL,49),(812,'Rollei / Voigtlander Color-Dynarex 85mm f/2.8-16.0',NULL,15,85,85,2.8,16,NULL,49),(813,'Rollei / Voigtlander Color-Dynarex 135mm f/4.0-22.0',NULL,13,135,135,4,22,NULL,NULL),(814,'Rollei / Voigtlander Color-Dynarex 200mm f/4.0-22.0',NULL,11,200,200,4,22,NULL,NULL),(815,'Rollei-HFT Planar 50mm f/1.8-16.0',NULL,14,50,50,1.8,16,45,49),(816,'Schacht Ulm Edixa-S-Travegon-A 35mm f/2.8-22.0',NULL,17,35,35,2.8,22,50,49),(817,'Schacht Ulm Edixa-Travenar 50mm f/2.8-16.0',NULL,14,50,50,2.8,16,50,49),(818,'Schacht Ulm Praktica-Travenar R 90mm f/2.8-22.0',NULL,15,90,90,2.8,22,100,49),(819,'Schacht Ulm Travegar 100mm f/3.3-22.0',NULL,15,100,100,3.3,22,90,49),(820,'Schneider C-Curtagon 35mm f/2.8-22.0',NULL,17,35,35,2.8,22,100,NULL),(821,'Schneider Edixa-Tele-Atron 135mm f/3.5-32.0',1961,13,135,135,3.5,32,200,49),(822,'Schneider Apla-Tele-Xenar 360mm f/5.5',NULL,11,360,360,5.5,5.5,NULL,NULL),(823,'Schneider-Kreuznach PC-Super-Angulon 28mm f/2.8-22.0',NULL,17,28,28,2.8,22,28,67),(824,'Schneider-Kreuznach Edixa Curtagon 28mm f/4.0-22.0',NULL,16,28,28,4,22,25,49),(825,'Schneider-Kreuznach C-Curtagon 35mm f/2.8-22.0',NULL,17,35,35,2.8,22,100,NULL),(826,'Schneider-Kreuznach Curtagon 35mm f/2.8-22.0',NULL,17,35,35,2.8,22,30,49),(827,'Schneider-Kreuznach Edixa-Curtagon 35mm f/2.8-22.0',NULL,17,35,35,2.8,22,35,49),(828,'Schneider-Kreuznach PA-Curtagon 35mm f/4.0-22.0',NULL,17,35,35,4,22,28,49),(829,'Schneider-Kreuznach Xenar 50mm f/2.8-16.0',NULL,14,50,50,2.8,16,75,40),(830,'Schneider-Kreuznach Xenon 50mm f/1.9-22.0',NULL,14,50,50,1.9,22,50,49),(831,'Schneider-Kreuznach Edixa-Xenar 50mm f/2.8-22.0',NULL,14,50,50,2.8,22,50,49),(832,'Schneider-Kreuznach Xenar 50mm f/2.8-22.0',NULL,14,50,50,2.8,22,50,49),(833,'Schneider-Kreuznach C-Xenar 50mm f/3.5-22.0',NULL,14,50,50,3.5,22,200,NULL),(834,'Sears Auto 28mm f/2.8-22.0',NULL,17,28,28,2.8,22,150,58),(835,'Sears Auto Sears 55mm f/1.4-16.0',NULL,14,55,55,1.4,16,50,55),(836,'Sears Auto 135mm f/2.8-22.0',NULL,13,135,135,2.8,22,150,55),(837,'Sigma Telemax 135mm f/2.8-22.0',NULL,15,135,135,2.8,22,135,NULL),(838,'Sigma Zoom Macro IG 39-80mm f/3.5',NULL,12,39,80,3.5,3.5,NULL,NULL),(839,'Sigma Sigma-XQ 35mm f/2.8-32.0',NULL,17,35,35,2.8,32,50,62),(840,'Sigma Fish Eye Ultra-Wideangle 12mm f/8.0-16.0',NULL,16,12,12,8,16,NULL,NULL),(841,'Sigma XQ Multi-Coated 28mm f/2.8-22.0',NULL,17,28,28,2.8,22,23,NULL),(842,'Sirius 28mm f2.8 Macro MC Automatic 28mm f/2.8-22.0',NULL,17,28,28,2.8,22,20,52),(843,'Soligor 28 mm C/D 28mm f/2.0-16.0',NULL,17,28,28,2,16,24,58),(844,'Soligor Wide Auto 35mm f/2.8-16.0',NULL,17,35,35,2.8,16,40,NULL),(845,'Soligor Zoom 35-70mm f/2.5-3.5',NULL,18,35,70,2.5,3.5,NULL,NULL),(846,'Soligor Zoom 35-70mm f/3.5-4.5',NULL,18,35,70,3.5,4.5,NULL,NULL),(847,'Soligor Soligor C/D 100mm f/2.0-16.0',NULL,15,100,100,2,16,150,58),(848,'Soligor Soligor 105mm f/2.8-16.0',NULL,15,105,105,2.8,16,120,49),(849,'Soligor Soligor C/D 135mm f/2.0-22.0',NULL,15,135,135,2,22,180,77),(850,'Soligor tele-auto 135mm f/2.8-22.0',NULL,15,135,135,2.8,22,NULL,NULL),(851,'Soligor Tele-Auto 135mm f/3.5-22.0',NULL,13,135,135,3.5,22,150,52),(852,'Soligor MC Soligor 200mm f/2.8-22.0',NULL,13,200,200,2.8,22,250,72),(853,'Soligor Soligor C/D 200mm f/2.8-22.0',NULL,13,200,200,2.8,22,220,77),(854,'Soligor Tele-auto 300mm f/5.5',NULL,11,300,300,5.5,5.5,NULL,NULL),(855,'Soligor 400mm f/6.3',NULL,10,400,NULL,6.3,NULL,NULL,NULL),(856,'Steinheil Auto-Cassaron 50mm f/2.8-22.0',NULL,14,50,50,2.8,22,80,NULL),(857,'Steinheil Auto-Cassarit 100mm f/3.5-22.0',NULL,15,100,100,3.5,22,NULL,49),(858,'Steinheil Manchen Edixa-Auto-Cassaron 50mm f/2.8-22.0',NULL,14,50,50,2.8,22,80,49),(859,'Steinheil Manchen Tele-Quinar 200mm f/4.5-32.0',NULL,13,200,200,4.5,32,210,54),(860,'Tokina 17mm f3.5 TL RMC 17mm f/3.5-16.0',NULL,17,17,17,3.5,16,NULL,67),(861,'Tokina RMC wide-auto 28mm f/2.8',NULL,17,28,28,2.8,2.8,NULL,NULL),(862,'Tokina Zoom 28-85mm f/4.5',NULL,18,28,85,4.5,4.5,NULL,NULL),(863,'Tokina Wide-Auto 35mm f/2.8-16.0',NULL,17,35,35,2.8,16,40,52),(864,'Tokina Zoom 75-260mm f/4.5',NULL,18,75,260,4.5,4.5,NULL,NULL),(865,'Tokina AT-X 80-200mm f/2.8',NULL,18,80,200,2.8,2.8,NULL,NULL),(866,'Tokina Zoom 80-200mm f/4.5',NULL,18,80,200,4.5,4.5,NULL,NULL),(867,'Tokina RMC Tokina 135mm f/2.8-22.0',NULL,15,135,135,2.8,22,150,52),(868,'Tomioka Tominon 50mm f/2.0-16.0',NULL,10,50,50,2,16,NULL,49),(869,'Tomioka Tominon 55mm f/1.2-16.0',NULL,14,55,55,1.2,16,50,55),(870,'Tomioka Tominon 55mm f/1.4-16.0',NULL,14,55,55,1.4,16,NULL,55),(871,'Vivitar n/a 28mm f/2.5',NULL,17,28,28,2.5,2.5,NULL,NULL),(872,'Vivitar Vivitar Series 1 Auto Wide Angle 28mm f/1.9-16.0',NULL,17,28,28,1.9,16,30,58),(873,'Vivitar Macro Focusing Zoom 28-210mm f/3.5-22.0',NULL,18,28,210,3.5,22,250,72),(874,'Vivitar 35mm f/1.9-16.0',NULL,10,35,NULL,1.9,16,NULL,NULL),(875,'Vivitar n/a 35mm f/3.5',NULL,17,35,35,3.5,3.5,NULL,NULL),(876,'Vivitar Auto Wide Angle 35mm f/2.8-22.0',NULL,17,35,35,2.8,22,40,52),(877,'Vivitar Series-1 Varifocal 35-85mm f/2.8-16.0',1974,12,35,85,2.8,16,NULL,72),(878,'Vivitar Zoom 35-205mm f/3.8',NULL,18,35,205,3.8,3.8,NULL,NULL),(879,'Vivitar Auto Macro 55mm f/2.8-16.0',NULL,12,55,55,2.8,16,21,62),(880,'Vivitar Zoom 75-205mm',NULL,18,75,205,NULL,NULL,NULL,NULL),(881,'Vivitar Series-1 Flat Field Macro 90-180mm f/4.5-22.0',1973,18,90,180,4.5,22,70,72),(882,'Vivitar Series-1 135mm f/2.3-22.0',NULL,13,135,135,2.3,22,150,72),(883,'Vivitar Auto Telephoto 135mm f/2.8-22.0',NULL,13,135,135,2.8,22,140,55),(884,'Vivitar Tele 200mm f/3.5-22.0',1975,13,200,200,3.5,22,183,62),(885,'Vivitar n/a 400mm f/5.6',NULL,11,400,400,5.6,5.6,NULL,NULL),(886,'Vivitar Series-1 Aspherical Mirror 450mm f/4.5',1983,11,450,450,4.5,4.5,NULL,NULL),(887,'Vivitar Tele 500mm f/6.3-32.0',NULL,11,500,500,6.3,32,NULL,NULL),(888,'Vivitar Solid Cat 600mm f/8.0',NULL,11,600,600,8,8,NULL,NULL),(889,'Vivitar Solid Cat 800mm f/11.0',NULL,11,800,800,11,11,NULL,NULL),(890,'Yashica Auto Yashinon-DX 28mm f/2.8-16.0',NULL,16,28,28,2.8,16,40,NULL),(891,'Yashica Auto Yashinon-DX 35mm f/2.8-16.0',NULL,17,35,35,2.8,16,40,NULL),(892,'Yashica Super Yashinon 35mm f/2.8-16.0',1960,17,35,35,2.8,16,NULL,NULL),(893,'Yashica Auto Yashinon DS-M 50mm f/1.4-16.0',NULL,14,50,50,1.4,16,50,55),(894,'Yashica Auto Yashinon-DS 50mm f/1.4-16.0',NULL,14,50,50,1.4,16,50,55),(895,'Yashica Auto Yashinon-DX 50mm f/1.7-16.0',NULL,14,50,50,1.7,16,48,NULL),(896,'Yashica Auto Yashinon 50mm f/1.8-16.0',NULL,14,50,50,1.8,16,50,55),(897,'Yashica Yashinon 50mm f/1.9-16.0',NULL,14,50,50,1.9,16,55,NULL),(898,'Yashica Auto Yashinon 50mm f/2.0-16.0',1960,14,50,50,2,16,NULL,NULL),(899,'Yashica Auto Yashinon 55mm f/1.2-16.0',NULL,14,55,55,1.2,16,50,NULL),(900,'Yashica Macro Yashinon 60mm f/2.8-22.0',NULL,12,60,60,2.8,22,23,58),(901,'Yashica Super Yashinon 100mm f/2.8-22.0',1960,15,100,100,2.8,22,NULL,NULL),(902,'Yashica Auto Yashinon-DX 135mm f/2.8-22.0',NULL,15,135,135,2.8,22,150,NULL),(903,'Yashica Super Yashinon 135mm f/2.8-22.0',1960,15,135,135,2.8,22,NULL,NULL),(904,'Yashica Super Yashinon 135mm f/3.5-22.0',1960,15,135,135,3.5,22,NULL,NULL),(905,'Yashica Super Yashinon 180mm f/3.5-22.0',1960,13,180,180,3.5,22,NULL,NULL),(906,'Yashica Super Yashinon 250mm f/4.0-22.0',1960,11,250,250,4,22,NULL,NULL),(907,'Zeiss Ikon / Voigtlander Distagon 25mm f/2.8-16.0',1969,17,25,25,2.8,16,NULL,NULL),(908,'Zeiss Ikon / Voigtlander Distagon 25mm f/4.0-16.0',1969,17,25,25,4,16,NULL,NULL),(909,'Zeiss Ikon / Voigtlander Skoparex 35mm f/3.4-16.0',1969,17,35,35,3.4,16,30,NULL),(910,'Zeiss Ikon / Voigtlander Ultron 50mm f/1.8-16.0',1969,14,50,50,1.8,16,45,NULL),(911,'Zeiss Ikon / Voigtlander Tessar 50mm f/2.8-16.0',1969,14,50,50,2.8,16,45,NULL),(912,'Zeiss Ikon / Voigtlander Dynarex 135mm f/4.0-22.0',1969,13,135,135,4,22,NULL,NULL);
/*!40000 ALTER TABLE `lens` ENABLE KEYS */;
UNLOCK TABLES;

--
-- Table structure for table `lens_category`
--

DROP TABLE IF EXISTS `lens_category`;
/*!40101 SET @saved_cs_client     = @@character_set_client */;
/*!40101 SET character_set_client = utf8 */;
CREATE TABLE `lens_category` (
  `lens_category_id` bigint(20) NOT NULL AUTO_INCREMENT,
  `lens_category` varchar(45) DEFAULT NULL,
  PRIMARY KEY (`lens_category_id`)
) ENGINE=InnoDB AUTO_INCREMENT=19 DEFAULT CHARSET=latin1;
/*!40101 SET character_set_client = @saved_cs_client */;

--
-- Dumping data for table `lens_category`
--

LOCK TABLES `lens_category` WRITE;
/*!40000 ALTER TABLE `lens_category` DISABLE KEYS */;
INSERT INTO `lens_category` VALUES (10,NULL),(11,'Long Telephoto'),(12,'Macro'),(13,'Medium Telephoto'),(14,'Normal'),(15,'Short Telephoto'),(16,'Ultra-wide'),(17,'Wide'),(18,'Zoom');
/*!40000 ALTER TABLE `lens_category` ENABLE KEYS */;
UNLOCK TABLES;

--
-- Table structure for table `sales`
--

DROP TABLE IF EXISTS `sales`;
/*!40101 SET @saved_cs_client     = @@character_set_client */;
/*!40101 SET character_set_client = utf8 */;
CREATE TABLE `sales` (
  `sales_id` bigint(20) NOT NULL AUTO_INCREMENT,
  `date` date NOT NULL,
  `customer_id` bigint(20) NOT NULL,
  `lens_id` bigint(20) NOT NULL,
  `sales_channel_id` bigint(20) NOT NULL,
  `store_id` bigint(20) NOT NULL,
  `amount` double DEFAULT NULL,
  PRIMARY KEY (`sales_id`),
  KEY `fk_customer_id_idx` (`customer_id`),
  KEY `fk_lens_id_idx` (`lens_id`),
  KEY `fk_sale_sales_channel_idx` (`sales_channel_id`),
  KEY `fk_store_id_idx` (`store_id`),
  CONSTRAINT `fk_customer_id` FOREIGN KEY (`customer_id`) REFERENCES `customer` (`customer_id`) ON DELETE NO ACTION ON UPDATE NO ACTION,
  CONSTRAINT `fk_lens_id` FOREIGN KEY (`lens_id`) REFERENCES `lens` (`lens_id`) ON DELETE NO ACTION ON UPDATE NO ACTION,
  CONSTRAINT `fk_sale_sales_channel` FOREIGN KEY (`sales_channel_id`) REFERENCES `sales_channel` (`sales_channel_id`) ON DELETE NO ACTION ON UPDATE NO ACTION,
  CONSTRAINT `fk_store_id` FOREIGN KEY (`store_id`) REFERENCES `store` (`store_id`) ON DELETE NO ACTION ON UPDATE NO ACTION
) ENGINE=InnoDB AUTO_INCREMENT=158 DEFAULT CHARSET=latin1;
/*!40101 SET character_set_client = @saved_cs_client */;

--
-- Dumping data for table `sales`
--

LOCK TABLES `sales` WRITE;
/*!40000 ALTER TABLE `sales` DISABLE KEYS */;
INSERT INTO `sales` VALUES (100,'2017-06-13',15,476,5,5,160),(101,'2017-03-12',21,460,5,8,90),(102,'2017-06-10',16,474,4,14,61),(103,'2017-05-02',13,472,5,2,368),(104,'2017-06-05',16,477,5,1,176),(105,'2017-03-02',12,461,4,14,309),(106,'2017-06-23',13,463,5,2,61),(107,'2017-04-09',16,457,5,8,444),(108,'2017-01-28',20,460,4,14,319),(109,'2017-05-13',15,459,4,14,126),(110,'2017-02-11',20,464,4,14,118),(111,'2017-06-29',22,465,4,14,184),(112,'2017-03-30',17,465,4,14,146),(113,'2017-06-07',20,476,4,14,354),(114,'2017-06-24',17,478,4,14,430),(115,'2017-04-01',17,479,5,7,361),(116,'2017-02-07',17,468,5,6,371),(117,'2017-06-17',20,459,4,14,235),(118,'2017-06-17',17,469,5,13,440),(119,'2017-03-11',19,464,4,14,215),(120,'2017-06-26',21,463,4,14,459),(121,'2017-03-05',22,463,4,14,289),(122,'2017-01-11',12,468,4,14,391),(123,'2017-02-07',13,472,5,2,499),(124,'2017-02-20',13,465,5,8,336),(125,'2017-02-05',15,457,4,14,182),(126,'2017-06-12',19,459,4,14,351),(127,'2017-02-17',20,460,4,14,221),(128,'2017-06-04',14,476,4,14,88),(129,'2017-04-26',12,477,5,10,381),(130,'2017-06-12',22,467,4,14,439),(131,'2017-06-07',17,480,5,2,482),(132,'2017-03-05',16,474,4,14,193),(133,'2017-06-23',16,470,5,2,128),(134,'2017-05-10',12,478,5,4,359),(135,'2017-06-10',21,470,5,12,471),(136,'2017-02-15',15,480,4,14,134),(137,'2017-02-06',20,474,5,7,75),(138,'2017-01-22',18,460,4,14,474),(139,'2017-03-21',15,469,4,14,213),(140,'2017-02-10',22,479,4,14,293),(141,'2017-06-24',16,477,4,14,103),(142,'2017-05-19',17,480,5,5,397),(143,'2017-01-30',21,471,5,6,236),(144,'2017-01-11',12,471,4,14,75),(145,'2017-02-27',12,474,4,14,326),(146,'2017-01-15',19,470,5,11,413),(147,'2017-03-21',20,462,4,14,484),(148,'2017-05-30',17,462,4,14,313),(149,'2017-02-18',19,472,4,14,430),(150,'2017-06-15',21,458,4,14,165),(151,'2017-01-10',15,465,4,14,215),(152,'2017-05-30',16,464,4,14,490),(153,'2017-02-26',17,480,5,3,187),(154,'2017-02-23',16,472,5,3,223),(155,'2017-06-22',17,463,4,14,462),(156,'2017-03-12',14,458,4,14,93),(157,'2017-02-01',12,463,5,3,435);
/*!40000 ALTER TABLE `sales` ENABLE KEYS */;
UNLOCK TABLES;

--
-- Table structure for table `sales_channel`
--

DROP TABLE IF EXISTS `sales_channel`;
/*!40101 SET @saved_cs_client     = @@character_set_client */;
/*!40101 SET character_set_client = utf8 */;
CREATE TABLE `sales_channel` (
  `sales_channel_id` bigint(20) NOT NULL AUTO_INCREMENT,
  `sales_channel` varchar(45) NOT NULL,
  PRIMARY KEY (`sales_channel_id`)
) ENGINE=InnoDB AUTO_INCREMENT=6 DEFAULT CHARSET=latin1;
/*!40101 SET character_set_client = @saved_cs_client */;

--
-- Dumping data for table `sales_channel`
--

LOCK TABLES `sales_channel` WRITE;
/*!40000 ALTER TABLE `sales_channel` DISABLE KEYS */;
INSERT INTO `sales_channel` VALUES (4,'online'),(5,'store');
/*!40000 ALTER TABLE `sales_channel` ENABLE KEYS */;
UNLOCK TABLES;

--
-- Table structure for table `store`
--

DROP TABLE IF EXISTS `store`;
/*!40101 SET @saved_cs_client     = @@character_set_client */;
/*!40101 SET character_set_client = utf8 */;
CREATE TABLE `store` (
  `store_id` bigint(20) NOT NULL AUTO_INCREMENT,
  `store_name` varchar(100) NOT NULL,
  `store_country` varchar(45) DEFAULT NULL,
  `store_city` varchar(45) DEFAULT NULL,
  PRIMARY KEY (`store_id`)
) ENGINE=InnoDB AUTO_INCREMENT=15 DEFAULT CHARSET=latin1;
/*!40101 SET character_set_client = @saved_cs_client */;

--
-- Dumping data for table `store`
--

LOCK TABLES `store` WRITE;
/*!40000 ALTER TABLE `store` DISABLE KEYS */;
INSERT INTO `store` VALUES (1,'York Cameras','UK','York'),(2,'Rakesh Lenses','UK','London'),(3,'Mile High Photos','USA','Denver'),(4,'Professional Photographers 1','UK','Cardiff'),(5,'Professional Photographers 2','UK','Bristol'),(6,'Happy Pictures','USA','Columbus'),(7,'Chelsea Photos','USA','New York'),(8,'Southern Beauty','USA','Atlanta'),(9,'Best Pictures','UK','Birmingham'),(10,'Pro Cameras','UK','Manchester'),(11,'Loch Pictures','UK','Inverness'),(12,'Natural Eye','USA','Boulder'),(13,'High Tech Cameras','USA','San Jose'),(14,'Online','Online','Online');
/*!40000 ALTER TABLE `store` ENABLE KEYS */;
UNLOCK TABLES;
/*!40103 SET TIME_ZONE=@OLD_TIME_ZONE */;

/*!40101 SET SQL_MODE=@OLD_SQL_MODE */;
/*!40014 SET FOREIGN_KEY_CHECKS=@OLD_FOREIGN_KEY_CHECKS */;
/*!40014 SET UNIQUE_CHECKS=@OLD_UNIQUE_CHECKS */;
/*!40101 SET CHARACTER_SET_CLIENT=@OLD_CHARACTER_SET_CLIENT */;
/*!40101 SET CHARACTER_SET_RESULTS=@OLD_CHARACTER_SET_RESULTS */;
/*!40101 SET COLLATION_CONNECTION=@OLD_COLLATION_CONNECTION */;
/*!40111 SET SQL_NOTES=@OLD_SQL_NOTES */;

-- Dump completed on 2018-05-11  9:28:08
