<?xml version="1.0" encoding="UTF-8" standalone="yes"?>
<ns2:ExportManifest xmlns:ns2="http://www.pentaho.com/schema/">
    <ExportManifestInformation exportDate="09-05-2018 01:21:01 MDT" exportBy="admin" rootFolder="/public/Secondhand Lens/" manifestVersion="2"/>
    <ExportManifestEntity path="Secondhand Lens Dashboard.cdfde">
        <ExportManifestProperty>
            <EntityMetaData name="Secondhand Lens Dashboard.cdfde" createdDate="2018-05-09T12:56:31.093-06:00" isFolder="false" path="Secondhand Lens Dashboard.cdfde" isHidden="false" isSchedulable="true" locale="en_GB" title="Secondhand Lens Dashboard.cdfde"/>
        </ExportManifestProperty>
        <ExportManifestProperty>
            <EntityAcl>
                <entriesInheriting>true</entriesInheriting>
                <owner>admin</owner>
                <ownerType>USER</ownerType>
            </EntityAcl>
        </ExportManifestProperty>
    </ExportManifestEntity>
</ns2:ExportManifest>
